sku,model,brand,size,store_id,stock_count,current_price
134787812,Assel Luxe 3D-картина Белая нежность 80x160 см,assel-luxe1,80x160,30426959_PP1,10.0,59990
149121480,Assel Luxe 3D-картина «Золотая осень» — 70100 см 70x100 см,assel-luxe1,70x100,30426959_PP1,10.0,39990
620455647,Assel Luxe модульная картина Хлебный колос 80x80 см,assel-luxe1,80x80,30426959_PP1,10.0,79990
373074270,Assel Luxe модульная картина Орнамент 200x70 см,assel-luxe1,200x70,30426959_PP1,10.0,84990
419400305,Assel Luxe 3D-картина 419400305 160x80 см,assel-luxe1,160x80,30426959_PP1,10.0,59990
720661735,Assel Decor 3D-картина Берег озера 80x160 см,assel-decor,80x160,30426959_PP1,10.0,59990
159367892,Assel Luxe 3D-картина Картина Две Лошади 80x160 см,assel-luxe1,80x160,30426959_PP1,10.0,59990
100484237,Assel Decor 3D-картина Арыстан отбасы 80x160 см,assel-decor,80x160,30426959_PP1,10.0,59990
920701256,Assel Luxe 3D-картина Инь Янь 80x160 см,assel-luxe1,80x160,30426959_PP1,10.0,59990
626827820,Assel Luxe 3D-картина Рыбы и лотос 80x160 см,assel-luxe1,80x160,30426959_PP1,10.0,59990
346846736,Assel Luxe модульная картина Дерево 200x70 см,assel-luxe1,200x70,30426959_PP1,10.0,84990
776310460,Assel Luxe 3D-картина Цветочки растения 80x160 см,assel-luxe1,80x160,30426959_PP1,10.0,59990
857041643,"Часы механические Assel Luxe 857041643, металл",assel-luxe1,,30426959_PP1,10.0,84990
279105148,Assel Luxe 3D-картина Лошадь с подсветкой 80x160 см,assel-luxe1,80x160,30426959_PP1,10.0,84990
130571088_838813016,Assel Luxe 3D-картина Дерево с желтыми листьями 160x80 см,assel-luxe1,160x80,30426959_PP1,10.0,59990
025122091,Assel Luxe модульная картина Assel Luxe Картина модуль цветы 50x70 см,assel-luxe1,50x70,30426959_PP1,10.0,49990
126380388,Assel Decor 3D-картина Лебеди 80x160 см,assel-decor,80x160,30426959_PP1,10.0,59990
687780854,Assel Luxe модульная картина Амулет Счастья 200x70 см,assel-luxe1,200x70,30426959_PP1,10.0,84990
611193475,Assel Luxe 3D-картина Желтая птичка 80x160 см,assel-luxe1,80x160,30426959_PP1,10.0,59990
140239148_086529554,Assel Luxe 3D-картина Assel Luxe Картина деревья восход 160x80 см,assel-luxe1,160x80,30426959_PP1,10.0,59990
139828533_377363520,Assel Luxe 3D-картина 365111993 70x100 см,assel-luxe1,70x100,30426959_PP1,10.0,39990
587069464,Assel Luxe 3D-картина Золотой закат 80x80 см,assel-luxe1,80x80,30426959_PP1,10.0,39990
583086260,Assel Luxe 3D-картина Роза красная 80x160 см,assel-luxe1,80x160,30426959_PP1,10.0,59990
820664798,Assel Luxe модульная картина Скандинавия 50x70 см,assel-luxe1,50x70,30426959_PP1,10.0,74990
921131148,Assel Luxe 3D-картина «Мой день — моё правило» 80x160 см,assel-luxe1,80x160,30426959_PP1,10.0,59990
576483145,Assel Luxe 3D-картина Дерево природа 80x160 см,assel-luxe1,80x160,30426959_PP1,10.0,59990
986527000,Assel Luxe 3D-картина Балерина 80x160 см,assel-luxe1,80x160,30426959_PP1,10.0,59990
719675962,Assel Luxe 3D-картина Assel Luxe Картина Модуль скандинавия листья 50x70 см,assel-luxe1,50x70,30426959_PP1,10.0,74990
245328323,Assel Decor 3D-картина Тәжді арыстан 80x160 см,assel-decor,80x160,30426959_PP1,10.0,59990
973597785,Assel Luxe 3D-картина MBAPPE 50x70 см,assel-luxe1,50x70,30426959_PP1,10.0,24990
359844348,Assel Luxe 3D-картина «Священная Медина» 80x160 см,assel-luxe1,80x160,30426959_PP1,10.0,59990
232176957,Assel Decor 3D-картина Золотые крылья любви 80x160 см,assel-decor,80x160,30426959_PP1,10.0,59990
132791399_397652357,Assel Luxe 3D-картина Рука 70x100 см,assel-luxe1,70x100,30426959_PP1,10.0,39990
760163272,Assel Luxe 3D-картина Слон 80x160 см,assel-luxe1,80x160,30426959_PP1,10.0,84990
917965112,Assel Luxe 3D-картина Олень 80x160 см,assel-luxe1,80x160,30426959_PP1,10.0,59990
740526929,Assel Decor 3D-картина Черный лошадь 80x160 см,assel-decor,80x160,30426959_PP1,10.0,59990
607057189,Assel Decor 3D-картина Assel Decor КартинаТанцы 160x80 см,assel-decor,160x80,30426959_PP1,10.0,59990
130786869_821480590,Assel Luxe 3D-картина Карпы и лотос 160x80 см,assel-luxe1,160x80,30426959_PP1,10.0,59990
081020000,Assel Luxe 3D-картина «Священная Мекка» — 70100 см 70x100 см,assel-luxe1,70x100,30426959_PP1,10.0,39990
451647241,Assel Decor 3D-картина Қос тұлпар 80x160 см,assel-decor,80x160,30426959_PP1,10.0,59990
265478569,Assel Luxe 3D-картина Луна и черный Конь 80x160 см,assel-luxe1,80x160,30426959_PP1,10.0,59990
886971400,Assel Luxe модульная картина Павлин модуль для гостиной 200x70 см,assel-luxe1,200x70,30426959_PP1,10.0,84990
923631362,Assel Luxe 3D-картина Белый цветок с часами 80x200 см,assel-luxe1,80x200,30426959_PP1,10.0,99990
329747623,Assel Luxe 3D-картина Гривая Лошадка 80x160 см,assel-luxe1,80x160,30426959_PP1,10.0,59990
128739241_270260792,Assel Luxe модульная картина Природа 70x100 см,assel-luxe1,70x100,30426959_PP1,10.0,84990
174302034,Assel Luxe 3D-картина Африканском стиле 80x160 см,assel-luxe1,80x160,30426959_PP1,10.0,59990
779398814,Assel Luxe 3D-картина Карпы 80x160 см,assel-luxe1,80x160,30426959_PP1,10.0,84990
067799308,Assel Luxe 3D-картина Лось природа 80x160 см,assel-luxe1,80x160,30426959_PP1,10.0,59990
291112691,Assel Luxe модульная картина Жар птица 200x70 см,assel-luxe1,200x70,30426959_PP1,9.0,84990
072289080,Assel Decor 3D-картина Тигр и лев 80x160 см,assel-decor,80x160,30426959_PP1,10.0,59990
176302631,Assel Luxe модульная картина Лось животные 50x70 см,assel-luxe1,50x70,30426959_PP1,10.0,74990
611157833,Assel Luxe 3D-картина Художественная Лошадка 80x160 см,assel-luxe1,80x160,30426959_PP1,10.0,59990
130670941_833194210,Assel Luxe 3D-картина Голова черного Коня 70x100 см,assel-luxe1,70x100,30426959_PP1,10.0,39990
945042975,Assel Luxe 3D-картина ваза со цветами 80x160 см,assel-luxe1,80x160,30426959_PP1,10.0,59990
858424653,Assel Luxe 3D-картина Рыбки 80x160 см,assel-luxe1,80x160,30426959_PP1,10.0,59990
892992434,Assel Luxe 3D-картина Цветочная симфония 80x160 см,assel-luxe1,80x160,30426959_PP1,10.0,59990
886280286,Assel Luxe модульная картина Современная гармония 50x70 см,assel-luxe1,50x70,30426959_PP1,10.0,49990
011032532,Assel Luxe 3D-картина Слон 80x160 см,assel-luxe1,80x160,30426959_PP1,10.0,84990
012251872,Assel Luxe модульная картина Assel Luxe Картина Ак дастархан 200x70 см,assel-luxe1,200x70,30426959_PP1,10.0,84990
132805835_519109224,Assel Luxe 3D-картина Приборы 70x100 см,assel-luxe1,70x100,30426959_PP1,10.0,39990
836329473,Assel Decor 3D-картина Инь-Ян 80x160 см,assel-decor,80x160,30426959_PP1,10.0,59990
140246816_304317389,Assel Luxe 3D-картина Лотос 160x80 см,assel-luxe1,160x80,30426959_PP1,10.0,59990
606524172,Assel Luxe 3D-картина Колечко рыбами 100x70 см,assel-luxe1,100x70,30426959_PP1,10.0,39990
131290137_321310047,Assel Luxe модульная картина Лошадь 70x100 см,assel-luxe1,70x100,30426959_PP1,10.0,79990
307728222,Assel Luxe 3D-картина Свет листьев 70x100 см,assel-luxe1,70x100,30426959_PP1,10.0,39990
506389370,Assel Decor 3D-картина Птица 80x160 см,assel-decor,80x160,30426959_PP1,10.0,59990
139828536_924748956,Assel Luxe 3D-картина 819100129 70x100 см,assel-luxe1,70x100,30426959_PP1,10.0,39990
193707058,Assel Decor 3D-картина Абстрактті қозғалыс 80x160 см,assel-decor,80x160,30426959_PP1,10.0,59990
132417614_373170523,Assel Luxe 3D-картина Арабская каллиграфия 160x80 см,assel-luxe1,160x80,30426959_PP1,10.0,59990
140246808_903702363,Assel Luxe 3D-картина Волки 160x80 см,assel-luxe1,160x80,30426959_PP1,10.0,59990
286077009,Assel Decor 3D-картина Цветы и полет 80x160 см,assel-decor,80x160,30426959_PP1,10.0,59990
150885673_232180493,Assel Luxe 3D-картина Время и земля с трещинами 160x80 см,assel-luxe1,160x80,30426959_PP1,10.0,59990
005776743,Assel Decor 3D-картина Беркут 80x160 см,assel-decor,80x160,30426959_PP1,10.0,59990
132417505_664530886,Assel Luxe 3D-картина Мекка Мечеть 160x80 см,assel-luxe1,160x80,30426959_PP1,10.0,59990
068479383,Assel Luxe 3D-картина Пейзаж Животные 80x160 см,assel-luxe1,80x160,30426959_PP1,10.0,84990
916872442,Assel Luxe модульная картина Женщины Кений 50x70 см,assel-luxe1,50x70,30426959_PP1,10.0,74990
846859218,Assel Luxe модульная картина Золотое кружево 200x70 см,assel-luxe1,200x70,30426959_PP1,10.0,84990
404293463,Assel Luxe 3D-картина Белый Конь 80x80 см,assel-luxe1,80x80,30426959_PP1,10.0,39990
149671758_478726700,Assel Luxe 3D-картина Оберег 70x100 см,assel-luxe1,70x100,30426959_PP1,10.0,39990
662286767,Assel Luxe 3D-картина Assel Luxe Картина зубы для стоматологий 50x70 см,assel-luxe1,50x70,30426959_PP1,10.0,24990
745507187,Assel Luxe 3D-картина Home Design Картина Женщина в маске 80x160 см,assel-luxe1,80x160,30426959_PP1,10.0,59990
319739357,Assel Luxe модульная картина Птицы с двух сторон вазами 200x70 см,assel-luxe1,200x70,30426959_PP1,10.0,84990
200364081,Assel Luxe 3D-картина «Мой день — мои правила» 70x100 см,assel-luxe1,70x100,30426959_PP1,10.0,39990
948023999,Assel Luxe модульная картина Луна 80x80 см,assel-luxe1,80x80,30426959_PP1,10.0,79990
130670877_371883772,Assel Luxe 3D-картина Красные губы женщины 70x100 см,assel-luxe1,70x100,30426959_PP1,10.0,39990
486395510,Assel Luxe 3D-картина Слон с слоненком 160x80 см,assel-luxe1,160x80,30426959_PP1,10.0,59990
635660409,Assel Decor 3D-картина Дала рухы 80x160 см,assel-decor,80x160,30426959_PP1,10.0,59990
150885714_418865694,Assel Luxe 3D-картина Черное и желтое животные 160x80 см,assel-luxe1,160x80,30426959_PP1,10.0,59990
581351654,Assel Luxe 3D-картина Assel Luxe Картина мрамор 80x160 см,assel-luxe1,80x160,30426959_PP1,10.0,59990
626831450,Assel Luxe 3D-картина Чемпион топтамасы 70x50 см,assel-luxe1,70x50,30426959_PP1,10.0,24990
234471000,Assel Luxe 3D-картина Павлины осень 80x160 см,assel-luxe1,80x160,30426959_PP1,10.0,59990
911895071,Assel Luxe 3D-картина Золотой олень на камнях 80x200 см,assel-luxe1,80x200,30426959_PP1,10.0,99990
375799771,Assel Luxe 3D-картина Луна с рекой 80x160 см,assel-luxe1,80x160,30426959_PP1,10.0,84990
256903038,Assel Luxe модульная картина Горы золотые 50x70 см,assel-luxe1,50x70,30426959_PP1,10.0,74990
150885689_754948343,Assel Luxe 3D-картина Дерево жизни абстракция 160x80 см,assel-luxe1,160x80,30426959_PP1,10.0,59990
677664863,Assel Luxe 3D-картина Ак жал Животные 80x160 см,assel-luxe1,80x160,30426959_PP1,10.0,59990
299473498,Assel Luxe 3D-картина Свет дома 70x50 см,assel-luxe1,70x50,30426959_PP1,10.0,24990
024900337,Assel Luxe 3D-картина Водопад 80x160 см,assel-luxe1,80x160,30426959_PP1,10.0,59990
132543293_427034004,Assel Luxe 3D-картина Арабик 160x80 см,assel-luxe1,160x80,30426959_PP1,10.0,59990
157607108,Assel Luxe 3D-картина Лев и Агнец 80x160 см,assel-luxe1,80x160,30426959_PP1,10.0,59990
169436755,Assel Luxe 3D-картина Тюльпаны белые 80x160 см,assel-luxe1,80x160,30426959_PP1,10.0,59990
573723191,Assel Luxe модульная картина Волны абстракция 200x70 см,assel-luxe1,200x70,30426959_PP1,10.0,84990
900725737,Assel Luxe 3D-картина Қара жорға 80x80 см,assel-luxe1,80x80,30426959_PP1,10.0,39990
438468114,Assel Decor 3D-картина Ночная Мекка 80x160 см,assel-decor,80x160,30426959_PP1,10.0,59990
238947554,Assel Decor 3D-картина Алтын піл 80x160 см,assel-decor,80x160,30426959_PP1,10.0,59990
969102486,Assel Luxe 3D-картина Женщина в роскошном платье 80x160 см,assel-luxe1,80x160,30426959_PP1,10.0,59990
820152057,Assel Luxe 3D-картина Абстракция 80x160 см,assel-luxe1,80x160,30426959_PP1,10.0,59990
611781832,Картина Алатау 100x70 см,,100x70,30426959_PP1,10.0,39990
150885718_755945035,Assel Luxe 3D-картина Игра животных 160x80 см,assel-luxe1,160x80,30426959_PP1,10.0,59990
072083554,Assel Luxe 3D-картина Денежное дерево 50x70 см,,50x70,30426959_PP1,10.0,24990
896670272,Assel Luxe 3D-картина Assel Luxe Картина Пейзаж Ауыл 70x50 см,assel-luxe1,70x50,30426959_PP1,10.0,24990
407890363,Assel Luxe 3D-картина Золотой взрыв 80x80 см,assel-luxe1,80x80,30426959_PP1,10.0,39990
001178190,Assel Luxe 3D-картина Девушка 80x160 см,assel-luxe1,80x160,30426959_PP1,10.0,59990
130786874_706765436,Assel Luxe 3D-картина Карпы 160x80 см,assel-luxe1,160x80,30426959_PP1,10.0,59990
909626891,Assel Luxe 3D-картина Assel Luxe Картина Колсай 70x50 см,assel-luxe1,70x50,30426959_PP1,10.0,24990
933817479,Assel Luxe 3D-картина Паруса пейзаж 80x160 см,assel-luxe1,80x160,30426959_PP1,10.0,59990
542650605,Assel Decor 3D-картина Цветы и птицы 80x160 см,assel-decor,80x160,30426959_PP1,10.0,59990
232191774,Assel Luxe 3D-картина Каменная гармония 80x160 см,assel-luxe1,80x160,30426959_PP1,10.0,59990
946785916,Assel Luxe 3D-картина Озеро пейзаж 160x80 см,assel-luxe1,160x80,30426959_PP1,10.0,59990
814078359,Assel Luxe 3D-картина Нәзік үйлесім 80x160 см,assel-luxe1,80x160,30426959_PP1,10.0,59990
698109457,Assel Luxe 3D-картина Assel Luxe Картина желтая лошадка 80x160 см,assel-luxe1,80x160,30426959_PP1,10.0,59990
132741471_987034019,Assel Luxe 3D-картина Желтый Барс 70x100 см,assel-luxe1,70x100,30426959_PP1,10.0,39990
305782687,Assel Decor 3D-картина Беркут в небесах 80x160 см,assel-decor,80x160,30426959_PP1,10.0,59990
290082708,Assel Luxe 3D-картина Assel Luxe Картина Мотоцикл 160x80 см,assel-luxe1,160x80,30426959_PP1,10.0,59990
085859842,Assel Luxe модульная картина Жираф 50x70 см,assel-luxe1,50x70,30426959_PP1,10.0,74990
426117654,Assel Luxe 3D-картина Золотой вихрь 80x80 см,assel-luxe1,80x80,30426959_PP1,10.0,39990
571897698,Assel Luxe модульная картина Тайна в тени 50x70 см,assel-luxe1,50x70,30426959_PP1,10.0,74990
298315442,Assel Luxe 3D-картина Серебряный изгиб с часами 80x200 см,assel-luxe1,80x200,30426959_PP1,10.0,99990
457981735,Assel Decor 3D-картина Золотая энергия 80x160 см,assel-decor,80x160,30426959_PP1,10.0,59990
192530049,Assel Luxe 3D-картина Картина из ваших фото 70x100 см,assel-luxe1,70x100,30426959_PP1,9.0,39990
562760220,Assel Luxe модульная картина Казахская степь 200x70 см,assel-luxe1,200x70,30426959_PP1,10.0,84990
296633387,"Assel Luxe 3D-картина Шахматы Лев, и Тигр 50x100 см",assel-luxe1,50x100,30426959_PP1,10.0,24990
854107114,Assel Luxe модульная картина 854107114 50x70 см,assel-luxe1,50x70,30426959_PP1,10.0,74990
896320238,Assel Luxe 3D-картина Assel Luxe Картина три суры 50x70 см,assel-luxe1,50x70,30426959_PP1,10.0,24990
136967734_242558483,Assel Luxe 3D-картина Assel Luxe Коричневый Конь животное 70x100 см,assel-luxe1,70x100,30426959_PP1,10.0,39990
428705216,Assel Luxe 3D-картина Лошадь 50x70 см,assel-luxe1,50x70,30426959_PP1,10.0,24990
445030302,Assel Luxe модульная картина Острые козырьки 50x70 см,assel-luxe1,50x70,30426959_PP1,10.0,49990
064758431,Assel Luxe 3D-картина Лошади среде цветочек 80x160 см,assel-luxe1,80x160,30426959_PP1,10.0,59990
095112615,Assel Luxe модульная картина Путь к спокойствию 50x70 см,assel-luxe1,50x70,30426959_PP1,10.0,49990
143070023,Assel Luxe модульная картина Нежность в изумруде 180x80 см,assel-luxe1,180x80,30426959_PP1,10.0,79990
775308703,Assel Luxe 3D-картина Девушкаа в платье 80x160 см,assel-luxe1,80x160,30426959_PP1,10.0,59990
989150428,Assel Decor 3D-картина Лошадь 80x160 см,assel-decor,80x160,30426959_PP1,10.0,59990
092006339,Assel Luxe 3D-картина Картина Лось с подсветкой животное 80x160 см,assel-luxe1,80x160,30426959_PP1,10.0,84990
140246834_556720162,Assel Luxe 3D-картина Пейзаж 160x80 см,assel-luxe1,160x80,30426959_PP1,10.0,59990
746132487,Assel Decor 3D-картина Свет Каабы 80x160 см,assel-decor,80x160,30426959_PP1,10.0,59990
227401571,Assel Luxe 3D-картина Лось 80x160 см,assel-luxe1,80x160,30426959_PP1,10.0,84990
199505782,Assel Decor 3D-картина Бабочка среди цветов 80x160 см,assel-decor,80x160,30426959_PP1,10.0,59990
590359645,Assel Luxe модульная картина Абстракция 200x70 см,assel-luxe1,200x70,30426959_PP1,10.0,84990
332880743,Assel Luxe модульная картина Золотая симфония 200x70 см,assel-luxe1,200x70,30426959_PP1,10.0,84990
937001611,Assel Luxe панно Алтын үйлесім 70x100 см,assel-luxe1,70x100,30426959_PP1,10.0,89990
579543702,Assel Luxe 3D-картина Рыбки с часами 80x200 см,assel-luxe1,80x200,30426959_PP1,10.0,99990
387578799,Assel Luxe 3D-картина Олень 80x160 см,assel-luxe1,80x160,30426959_PP1,10.0,84990
840226001,Assel Luxe модульная картина Абстракция модуль пейзаж 200x70 см,assel-luxe1,200x70,30426959_PP1,10.0,84990
532517872,Assel Decor 3D-картина Желтая птица 80x160 см,assel-decor,80x160,30426959_PP1,10.0,59990
136253598_723083790,Assel Luxe 3D-картина Assel Luxe Картина Закат и море 160x80 см,assel-luxe1,160x80,30426959_PP1,10.0,59990
728667482,Assel Luxe 3D-картина Лев царь зверей 80x160 см,assel-luxe1,80x160,30426959_PP1,10.0,59990
805422108,Assel Luxe 3D-картина Assel Luxe Картина Арабик книга 50x70 см,assel-luxe1,50x70,30426959_PP1,10.0,24990
133382946_257694994,Assel Luxe 3D-картина Конь 70x100 см,assel-luxe1,70x100,30426959_PP1,10.0,39990
738981390,Assel Luxe 3D-картина Черепашки 80x160 см,assel-luxe1,80x160,30426959_PP1,10.0,59990
150885696_805709056,Assel Luxe 3D-картина Мечеть мекках 160x80 см,assel-luxe1,160x80,30426959_PP1,10.0,59990
087466029,Assel Luxe модульная картина Жасыл үйлесім 200x70 см,assel-luxe1,200x70,30426959_PP1,10.0,84990
657677146,Assel Luxe модульная картина Assel Luxe Картина Модуль цветы для гостиной 50x70 см,assel-luxe1,50x70,30426959_PP1,10.0,74990
924240631,Assel Luxe 3D-картина Лось и святящий Луна пейзаж 80x160 см,assel-luxe1,80x160,30426959_PP1,10.0,59990
957301401,Assel Luxe 3D-картина Роскошный Слон 80x160 см,assel-luxe1,80x160,30426959_PP1,10.0,59990
010951538,Assel Luxe 3D-картина Дерево монетами 80x80 см,assel-luxe1,80x80,30426959_PP1,10.0,39990
867115723,Assel Luxe 3D-картина Лотос и стая рыб 80x160 см,assel-luxe1,80x160,30426959_PP1,10.0,59990
880027781,Assel Decor 3D-картина 880027781 160x80 см,assel-decor,160x80,30426959_PP1,10.0,59990
863372241,Assel Luxe 3D-картина Большой орел 160x80 см,assel-luxe1,160x80,30426959_PP1,10.0,59990
071761282,Assel Luxe 3D-картина Снеговик пейзаж 80x80 см,assel-luxe1,80x80,30426959_PP1,10.0,39990
989493007,Assel Luxe модульная картина Черный золотистый мрамор 50x70 см,assel-luxe1,50x70,30426959_PP1,10.0,74990
697593233,Assel Luxe 3D-картина Слон 80x160 см,assel-luxe1,80x160,30426959_PP1,10.0,84990
795786378,Assel Decor 3D-картина Цветочки 80x160 см,assel-decor,80x160,30426959_PP1,10.0,59990
150885705_046125262,Assel Luxe 3D-картина Assel Luxe Картина Африканская девушка 70x100 см,assel-luxe1,70x100,30426959_PP1,10.0,39990
698068676,Assel Luxe модульная картина Девушки в шляпе 50x70 см,assel-luxe1,50x70,30426959_PP1,10.0,74990
002075598,Assel Luxe 3D-картина Картина Баксы 50x70 см,assel-luxe1,50x70,30426959_PP1,10.0,24990
597347990,Assel Luxe 3D-картина Asse Luxe Картина Льва для уборной 70x100 см,assel-luxe1,70x100,30426959_PP1,10.0,39990
192841763,Assel Decor 3D-картина Ракушка 80x160 см,assel-decor,80x160,30426959_PP1,10.0,59990
362945707,Assel Luxe 3D-картина Assel Luxe Картина Лошади животные на море 160x80 см,assel-luxe1,160x80,30426959_PP1,10.0,59990
983561947,Assel Luxe 3D-картина Assel Luxe Картина мрамор в синем фоне 80x160 см,assel-luxe1,80x160,30426959_PP1,10.0,59990
267204870,Assel Luxe модульная картина Assel Luxe Лев с Львицей модуль 50x70 см,assel-luxe1,50x70,30426959_PP1,10.0,59990
663254197,Assel Luxe 3D-картина Осень 80x160 см,assel-luxe1,80x160,30426959_PP1,10.0,59990
040649747,Assel Decor 3D-картина Священная Мекка 80x160 см,assel-decor,80x160,30426959_PP1,10.0,59990
980149778,Assel Luxe 3D-картина Золотая Лошадь 70x100 см,assel-luxe1,70x100,30426959_PP1,10.0,39990
080179491,Assel Luxe 3D-картина Золотой Конь и Табун 220x100 см,assel-luxe1,220x100,30426959_PP1,10.0,129990
832531905,Assel Luxe 3D-картина Assel Luxe Картина мрамор в синем фоне 80x160 см,assel-luxe1,80x160,30426959_PP1,10.0,59990
449878893,Assel Luxe 3D-картина Assel Luxe Картина книга Каран 50x70 см,assel-luxe1,50x70,30426959_PP1,10.0,24990
131664744,Assel Luxe 3D-картина Желтые цветы на вазе 80x160 см,assel-luxe1,80x160,30426959_PP1,10.0,59990
193976958,Assel Luxe модульная картина Бабочка и цветок 80x80 см,assel-luxe1,80x80,30426959_PP1,10.0,79990
436393587,Assel Luxe модульная картина Assel Luxe Картина природа модуль с озерой 200x70 см,assel-luxe1,200x70,30426959_PP1,10.0,84990
128648644_301432420,Assel Luxe 3D-картина Цветок 70x100 см,assel-luxe1,70x100,30426959_PP1,10.0,39990
866418506,Assel Luxe 3D-картина Желтое дерево с подсветкой 80x160 см,assel-luxe1,80x160,30426959_PP1,10.0,84990
140239133_417833506,Assel Luxe 3D-картина Assel Luxe Картина Черная белая скакавшая лошади 160x80 см,assel-luxe1,160x80,30426959_PP1,10.0,59990
136253569_642124401,Assel Luxe 3D-картина Assel Luxe картина Арабик 70x100 см,assel-luxe1,70x100,30426959_PP1,10.0,39990
959605170,"Часы механические Assel Luxe 959605170, металл",assel-luxe1,,30426959_PP1,9.0,84990
425981255,Assel Luxe 3D-картина Assel Luxe Картина Кааба арабик 100x70 см,assel-luxe1,100x70,30426959_PP1,10.0,39990
929607030,Assel Luxe 3D-картина Белый павлин в золоте 80x160 см,assel-luxe1,80x160,30426959_PP1,10.0,59990
069850597,Assel Luxe 3D-картина Assel Luxe Картина Карпы 80x160 см,assel-luxe1,80x160,30426959_PP1,10.0,59990
699047240,Assel Luxe 3D-картина Лев семейства 60x60 см,assel-luxe1,60x60,30426959_PP1,10.0,24990
978264494,Assel Luxe 3D-картина Дорога к гармонии 80x160 см,assel-luxe1,80x160,30426959_PP1,10.0,59990
695979654,Assel Luxe 3D-картина Две красивые птички 80x160 см,assel-luxe1,80x160,30426959_PP1,10.0,59990
392648582,Assel Decor 3D-картина золотая белоснежная лошадь 80x160 см,assel-decor,80x160,30426959_PP1,10.0,59990
725496352,Assel Luxe 3D-картина Красивые Лошади 80x80 см,assel-luxe1,80x80,30426959_PP1,10.0,39990
132791368_541134621,Assel Luxe 3D-картина Assel Luxe 70x100 см,assel-luxe1,70x100,30426959_PP1,10.0,39990
096443685,Assel Luxe 3D-картина Тень Лошади 80x160 см,assel-luxe1,80x160,30426959_PP1,10.0,59990
140247088_805487743,Assel Luxe 3D-картина розовые цветочки 160x80 см,assel-luxe1,160x80,30426959_PP1,10.0,59990
909373960,Assel Decor 3D-картина Семья Львов 80x160 см,assel-decor,80x160,30426959_PP1,10.0,59990
655204910,Assel Luxe модульная картина Мрамор черно желтый 50x70 см,assel-luxe1,50x70,30426959_PP1,10.0,74990
479785964,Assel Luxe 3D-картина Тигр животное 80x160 см,assel-luxe1,80x160,30426959_PP1,10.0,59990
031188712,Assel Luxe 3D-картина пейзаж с водопадом 160x80 см,assel-luxe1,160x80,30426959_PP1,10.0,59990
598519351,Assel Decor 3D-картина Золотой доллар 80x160 см,assel-decor,80x160,30426959_PP1,10.0,59990
973522004,Assel Luxe модульная картина Золотые тюльпаны 200x70 см,assel-luxe1,200x70,30426959_PP1,10.0,84990
591584844,Assel Decor 3D-картина Слон 50x70 см,assel-decor,50x70,30426959_PP1,10.0,24990
681757422,Assel Luxe модульная картина Корабль 50x70 см,assel-luxe1,50x70,30426959_PP1,10.0,74990
390215511,Assel Luxe 3D-картина Цветочек с часами и с подсветкой 80x200 см,assel-luxe1,80x200,30426959_PP1,10.0,129990
133206492_001132134,Assel Luxe 3D-картина Assel Luxe Картина Две лошадки 70x100 см,assel-luxe1,70x100,30426959_PP1,10.0,39990
947143862,Home Design 3D-картина Home Design Картина Белая лошадь с крыльями 80x160 см,home-design,80x160,30426959_PP1,10.0,59990
619528003,Assel Luxe 3D-картина Cristiano Ronaldo 70x50 см,assel-luxe1,70x50,30426959_PP1,10.0,24990
063888740,Assel Luxe 3D-картина Assel Luxe Картина абстракция мраморное 80x160 см,assel-luxe1,80x160,30426959_PP1,10.0,59990
666828393,Assel Luxe 3D-картина Тутонхамон 80x160 см,assel-luxe1,80x160,30426959_PP1,10.0,59990
132441253_165010470,Assel Luxe 3D-картина Лев 160x80 см,assel-luxe1,160x80,30426959_PP1,10.0,59990
884198695,"Часы механические Assel Luxe Карпы, металл",assel-luxe1,,30426959_PP1,10.0,84990
859676236,Assel Luxe модульная картина Изумрудные листья 180x80 см,assel-luxe1,180x80,30426959_PP1,10.0,79990
562629431,Assel Luxe модульная картина Абстракция 150x70 см,assel-luxe1,150x70,30426959_PP1,10.0,74990
552882519,"Assel Luxe 3D-картина Assel Luxe животные,лошади табун 160x80 см",assel-luxe1,160x80,30426959_PP1,10.0,59990
798822782,Assel Luxe модульная картина Африканская красавица 50x70 см,assel-luxe1,50x70,30426959_PP1,10.0,74990
714010743,Assel Luxe 3D-картина Девушка со скрипкой 80x160 см,assel-luxe1,80x160,30426959_PP1,10.0,59990
115487287,Assel Luxe 3D-картина Слон 100x70 см,assel-luxe1,100x70,30426959_PP1,10.0,39990
380062469,Assel Decor модульная картина Үш сәйгүлік 70x200 см,assel-decor,70x200,30426959_PP1,10.0,74990
152400613_641128957,Assel Luxe 3D-картина Природа заката 160x80 см,assel-luxe1,160x80,30426959_PP1,10.0,59990
750197683,Assel Luxe 3D-картина Желтое дерево 80x160 см,assel-luxe1,80x160,30426959_PP1,10.0,59990
452645410,Assel Decor 3D-картина Природа 80x160 см,assel-decor,80x160,30426959_PP1,10.0,59990
774832265,Assel Decor 3D-картина Исламская 80x160 см,assel-decor,80x160,30426959_PP1,10.0,59990
140275808_362075731,Assel Luxe 3D-картина Лошадь 160x80 см,assel-luxe1,160x80,30426959_PP1,10.0,59990
140193030_119227166,Assel Luxe 3D-картина Assel Luxe Картина Лошадка животные 160x80 см,assel-luxe1,160x80,30426959_PP1,10.0,59990
130786729_162472480,Assel Luxe 3D-картина Карпы 160x80 см,assel-luxe1,160x80,30426959_PP1,10.0,59990
525010057,Assel Luxe 3D-картина Золотое деревце 80x160 см,assel-luxe1,80x160,30426959_PP1,10.0,59990
589024534,Assel Luxe 3D-картина Черный Конь. Лошади 80x160 см,assel-luxe1,80x160,30426959_PP1,10.0,59990
845093386,Assel Luxe модульная картина Бабочка 70x100 см,assel-luxe1,70x100,30426959_PP1,10.0,59990
069467823,Assel Luxe модульная картина Айдың сыры 200x70 см,assel-luxe1,200x70,30426959_PP1,10.0,84990
189486725,Assel Luxe 3D-картина Беркут Орел 160x80 см,assel-luxe1,160x80,30426959_PP1,10.0,59990
136967735_673461590,Assel Luxe 3D-картина Assel Luxe Картина Лошадь в черном фоне для спальной 160x80 см,assel-luxe1,160x80,30426959_PP1,10.0,59990
816777564,Assel Luxe 3D-картина Павлин с подсветкой 80x160 см,assel-luxe1,80x160,30426959_PP1,10.0,84990
985566260,Assel Luxe 3D-картина Домбра 100x70 см,assel-luxe1,100x70,30426959_PP1,10.0,39990
402379781,Assel Luxe модульная картина Скандинавский стиль 50x70 см,assel-luxe1,50x70,30426959_PP1,10.0,74990
086865293,Assel Decor 3D-картина Лошадь 70x50 см,assel-decor,70x50,30426959_PP1,10.0,24990
082693542,Assel Luxe 3D-картина Лошадка взолотом фоне 80x160 см,assel-luxe1,80x160,30426959_PP1,10.0,59990
128671115_050164178,Assel Luxe 3D-картина Природа 160x80 см,assel-luxe1,160x80,30426959_PP1,10.0,59990
716213270,Assel Luxe 3D-картина Золотые горы 80x160 см,assel-luxe1,80x160,30426959_PP1,10.0,84990
766187979,Assel Luxe модульная картина Две лошади 200x70 см,assel-luxe1,200x70,30426959_PP1,10.0,84990
128648648_336667631,Assel Luxe 3D-картина Идиллия 70x100 см,assel-luxe1,70x100,30426959_PP1,10.0,39990
130786569_069811146,Assel Luxe 3D-картина Карпы 160x80 см,assel-luxe1,160x80,30426959_PP1,10.0,59990
829250497,Assel Luxe 3D-картина Белые и красные розы 80x160 см,assel-luxe1,80x160,30426959_PP1,10.0,59990
876765462,Assel Luxe 3D-картина Лошадь 80x160 см,assel-luxe1,80x160,30426959_PP1,10.0,59990
623415375,Assel Luxe модульная картина Гармония сызықтары» 50x70 см,assel-luxe1,50x70,30426959_PP1,10.0,49990
667704922,Assel Luxe 3D-картина Новый год 80x160 см,assel-luxe1,80x160,30426959_PP1,10.0,59990
435845245,Assel Luxe модульная картина Цветы для кухни 80x80 см,assel-luxe1,80x80,30426959_PP1,10.0,74990
350170878,,assel-luxe1,,30426959_PP1,10.0,99990
898132080,Assel Luxe 3D-картина Романтичная девушка 70x100 см,assel-luxe1,70x100,30426959_PP1,10.0,39990
620632492,Assel Decor 3D-картина Раушан гүл 80x160 см,assel-decor,80x160,30426959_PP1,10.0,59990
274624712,Assel Luxe 3D-картина Assel Luxe Картина Камушки абстракция 80x160 см,assel-luxe1,80x160,30426959_PP1,10.0,59990
237117179,Assel Luxe 3D-картина Космонавт 100x70 см,assel-luxe1,100x70,30426959_PP1,10.0,39990
123125025_811350480,Assel Luxe 5D5 картина Лошади 70x100 см,5d5,70x100,30426959_PP1,10.0,24990
687274253,Assel Luxe 3D-картина Aasel Luxe Картина Затмение Луны 160x80 см,assel-luxe1,160x80,30426959_PP1,10.0,59990
487788041,Assel Decor 3D-картина Қара тұлпар 80x160 см,assel-decor,80x160,30426959_PP1,10.0,59990
156838800,Assel Luxe 3D-картина Assel Luxe картина дерево в синем фоне 50x70 см,assel-luxe1,50x70,30426959_PP1,10.0,24990
242072709,Assel Decor модульная картина Үш көрініс – бір әлем 200x70 см,assel-decor,200x70,30426959_PP1,10.0,84990
884356238,Assel Luxe модульная картина Кольца абстракция 200x70 см,assel-luxe1,200x70,30426959_PP1,10.0,84990
133479382_448106312,Assel Luxe 3D-картина Озеро пейзаж 160x80 см,assel-luxe1,160x80,30426959_PP1,10.0,59990
653325850,Assel Luxe модульная картина Крылья времени 200x70 см,assel-luxe1,200x70,30426959_PP1,10.0,84990
684674754,Assel Luxe 3D-картина Олень в розовом лесу 80x160 см,assel-luxe1,80x160,30426959_PP1,10.0,59990
932059745,Assel Luxe 3D-картина Картина Лошадиный тень 80x160 см,assel-luxe1,80x160,30426959_PP1,10.0,59990
915696591,Assel Luxe 3D-картина Assel Luxe Картина разноцветные камни 80x160 см,assel-luxe1,80x160,30426959_PP1,10.0,59990
623866222,Assel Luxe 3D-картина Гармония природы 80x160 см,assel-luxe1,80x160,30426959_PP1,10.0,59990
730703997,Assel Luxe 3D-картина животные и луна 80x160 см,assel-luxe1,80x160,30426959_PP1,10.0,59990
136874745_971738502,Assel Luxe 3D-картина Assel Luxe Картина Тажмахал 70x100 см,assel-luxe1,70x100,30426959_PP1,10.0,39990
535191553,Assel Luxe 3D-картина Лев с Львицей 160x80 см,assel-luxe1,160x80,30426959_PP1,10.0,59990
955759346,Assel Luxe 3D-картина Летящая птица 80x160 см,assel-luxe1,80x160,30426959_PP1,10.0,84990
580389200,Assel Luxe модульная картина Павлин и ваза со цветами 50x70 см,assel-luxe1,50x70,30426959_PP1,10.0,74990
132441244_173794390,Assel Luxe 3D-картина Лев 70x100 см,assel-luxe1,70x100,30426959_PP1,10.0,39990
868072371,Assel Decor 3D-картина Снежный лошадь 80x160 см,assel-decor,80x160,30426959_PP1,10.0,59990
241504574,Assel Luxe 3D-картина Саркырама 80x160 см,assel-luxe1,80x160,30426959_PP1,10.0,59990
115184480,Assel Luxe 3D-картина Балерина в черном платье 80x160 см,assel-luxe1,80x160,30426959_PP1,10.0,59990
136253560_931060651,Assel Luxe 3D-картина Assel Luxe женщина с золотыми блесками 70x100 см,assel-luxe1,70x100,30426959_PP1,10.0,39990
550390352,Assel Luxe 3D-картина Assel Luxe Картина Беркут птица 50x70 см,assel-luxe1,50x70,30426959_PP1,10.0,24990
935643309,Assel Luxe 3D-картина Хищное животное 100x200 см,assel-luxe1,100x200,30426959_PP1,10.0,99990
873602239,Assel Luxe модульная картина Лёгкость времени 200x70 см,assel-luxe1,200x70,30426959_PP1,10.0,84990
373017635,Assel Luxe 3D-картина Олени с часами 80x200 см,assel-luxe1,80x200,30426959_PP1,10.0,99990
251898126,Assel Luxe 3D-картина GOAT Edition 70x50 см,assel-luxe1,70x50,30426959_PP1,10.0,24990
423215487,Assel Luxe модульная картина Бокалы 50x70 см,assel-luxe1,50x70,30426959_PP1,10.0,74990
858033353,Assel Luxe 3D-картина Красная Сакура 80x160 см,assel-luxe1,80x160,30426959_PP1,10.0,59990
247571031,Assel Luxe 3D-картина Доллар 160x80 см,assel-luxe1,160x80,30426959_PP1,10.0,59990
517659228,3D-картина кристал картинка 80x160 см,,80x160,30426959_PP1,10.0,59990
037015969,Assel Luxe 3D-картина Assel Luxe Картина Красные губы девушки 160x80 см,assel-luxe1,160x80,30426959_PP1,10.0,59990
039978242,Assel Luxe 3D-картина Камни абстракция 80x160 см,assel-luxe1,80x160,30426959_PP1,10.0,59990
352659074,Assel Luxe 3D-картина Картина Жар Птица золотое 80x160 см,assel-luxe1,80x160,30426959_PP1,10.0,59990
312353315,Assel Luxe модульная картина Пейзаж Модуль Корабли 200x70 см,assel-luxe1,200x70,30426959_PP1,10.0,84990
611996232,Assel Luxe 3D-картина Картина дерево подающая золото 80x160 см,assel-luxe1,80x160,30426959_PP1,10.0,84990
857247713,Assel Luxe модульная картина Олени 200x70 см,assel-luxe1,200x70,30426959_PP1,10.0,84990
881081379,Assel Luxe 3D-картина Кольцевые абстракции 50x70 см,assel-luxe1,50x70,30426959_PP1,10.0,24990
130723814_217656040,Assel Luxe 3D-картина Белые цветочки 160x80 см,assel-luxe1,160x80,30426959_PP1,10.0,59990
920084778,"Часы механические Assel Luxe 920084778, металл",assel-luxe1,,30426959_PP1,10.0,84990
230715098,Assel Luxe 3D-картина Звездочки 80x160 см,assel-luxe1,80x160,30426959_PP1,10.0,84990
575603882,Assel Decor 3D-картина Цветущее дерево 80x160 см,assel-decor,80x160,30426959_PP1,10.0,59990
630582507,Assel Luxe 3D-картина Листья с подсветкой 80x160 см,assel-luxe1,80x160,30426959_PP1,10.0,84990
082833550,Assel Luxe 3D-картина Дерево жизни 160x80 см,assel-luxe1,160x80,30426959_PP1,10.0,59990
685616471,Assel Luxe модульная картина Искусство гормонии 200x70 см,assel-luxe1,200x70,30426959_PP1,10.0,84990
824339116,Assel Decor 3D-картина Красный цветок 80x160 см,assel-decor,80x160,30426959_PP1,10.0,59990
128614401_591284507,Assel Luxe модульная картина Home Design Картина Абстракция 70x100 см,assel-luxe1,70x100,30426959_PP1,10.0,84990
175483591,Assel Luxe модульная картина Парящие мечты 200x70 см,assel-luxe1,200x70,30426959_PP1,10.0,84990
953286206,Assel Luxe 3D-картина Геометрия с листьями 80x160 см,assel-luxe1,80x160,30426959_PP1,10.0,59990
131277528_485606613,Assel Luxe 3D-картина Лунопад 70x100 см,assel-luxe1,70x100,30426959_PP1,10.0,39990
387206431,"Assel Luxe Часы механические Assel Luxe 387206431, металл",assel-luxe1,,30426959_PP1,10.0,84990
136967747_071322155,Assel Luxe 3D-картина Assel Luxe Картина Лев со Львицей 70x100 см,assel-luxe1,70x100,30426959_PP1,10.0,39990
468326941,Assel Luxe 3D-картина Assel Luxe Картина Дерево в пустыне 160x80 см,assel-luxe1,160x80,30426959_PP1,10.0,59990
416874331,Assel Luxe 3D-картина Золотой Дерево пейзаж 80x160 см,assel-luxe1,80x160,30426959_PP1,10.0,59990
965837501,Assel Luxe 3D-картина Роза золотая на дереве 80x160 см,assel-luxe1,80x160,30426959_PP1,10.0,59990
009705834,Assel Luxe 3D-картина В зеленом фоне суры с переводом 50x70 см,assel-luxe1,50x70,30426959_PP1,10.0,24990
197478828,Assel Luxe 3D-картина Белая голова лошади 70x100 см,assel-luxe1,70x100,30426959_PP1,10.0,39990
464303767,Assel Decor 3D-картина Семья Львов 70x50 см,assel-decor,70x50,30426959_PP1,10.0,24990
990640010,Assel Luxe модульная картина Картина блеский 50x70 см,assel-luxe1,50x70,30426959_PP1,10.0,74990
137197738_429309765,Assel Luxe 3D-картина Assel Luxe Картина Юрта 70x100 см,assel-luxe1,70x100,30426959_PP1,10.0,39990
662417893,Assel Luxe 3D-картина Дерево счастья 100x220 см,assel-luxe1,100x220,30426959_PP1,10.0,199990
140274769_342124766,Assel Luxe 3D-картина Закат 160x80 см,assel-luxe1,160x80,30426959_PP1,10.0,59990
573236628,Assel Luxe 3D-картина Assel Luxe Картина абстракция 80x160 см,assel-luxe1,80x160,30426959_PP1,10.0,59990
150885686_355053418,Assel Luxe 3D-картина Красавица женщина 70x100 см,assel-luxe1,70x100,30426959_PP1,10.0,39990
872053781,Assel Luxe 3D-картина Лепестки счастья 80x160 см,assel-luxe1,80x160,30426959_PP1,10.0,59990
877971153,Assel Luxe 3D-картина Птица Павлин с подсветкой 80x160 см,assel-luxe1,80x160,30426959_PP1,10.0,84990
206470955,Assel Luxe модульная картина Картина Белые цветы 50x70 см,assel-luxe1,50x70,30426959_PP1,10.0,74990
273203872,Assel Luxe 3D-картина Страсть и нежность 70x100 см,assel-luxe1,70x100,30426959_PP1,10.0,39990
880616240,Assel Luxe 3D-картина Бамбук в вазе с часами 80x200 см,assel-luxe1,80x200,30426959_PP1,10.0,99990
990609729,Assel Luxe 3D-картина Олень 80x160 см,assel-luxe1,80x160,30426959_PP1,10.0,84990
226899281,Assel Luxe 3D-картина Золотой закат 80x160 см,assel-luxe1,80x160,30426959_PP1,10.0,59990
130570698_529983796,Assel Luxe 3D-картина Африканская красавица в золотом украшений 70x100 см,assel-luxe1,70x100,30426959_PP1,10.0,39990
470913907,Assel Luxe 3D-картина Лица 80x160 см,assel-luxe1,80x160,30426959_PP1,10.0,59990
120393073_894264348,Assel Luxe 3D-картина Dekos Картина Золотое лицо 70x100 см,assel-luxe1,70x100,30426959_PP1,10.0,39990
136967742_765545510,Assel Luxe 3D-картина Assel Luxe Картина для детской комнаты Boy 70x100 см,assel-luxe1,70x100,30426959_PP1,10.0,39990
953568338,Assel Luxe 3D-картина Абстракция Олень 80x160 см,assel-luxe1,80x160,30426959_PP1,10.0,84990
683618491,Assel Luxe 3D-картина Черный гривый конь 80x160 см,assel-luxe1,80x160,30426959_PP1,10.0,59990
953957265,Assel Luxe 3D-картина Отбасы – уақыттан да қымбат с часами 80x160 см,assel-luxe1,80x160,30426959_PP1,10.0,84990
994301750,Assel Luxe 3D-картина Восход 160x80 см,assel-luxe1,160x80,30426959_PP1,10.0,59990
563479780,Assel Luxe 3D-картина Картина рыбы абстракция в черной раме 100x70 см,assel-luxe1,100x70,30426959_PP1,10.0,59990
777084431,Assel Luxe 3D-картина Символ чистоты 80x160 см,assel-luxe1,80x160,30426959_PP1,10.0,59990
450885742,"Assel Luxe Часы механические Assel Luxe Рыбка, металл",assel-luxe1,,30426959_PP1,10.0,84990
244816271,Assel Luxe 3D-картина 244816271 80x160 см,assel-luxe1,80x160,30426959_PP1,10.0,59990
799146033,Assel Luxe 3D-картина Паруса 80x160 см,assel-luxe1,80x160,30426959_PP1,10.0,59990
469124199,Assel Luxe 3D-картина Елка новый год 70x100 см,assel-luxe1,70x100,30426959_PP1,10.0,39990
408673817,Assel Luxe 3D-картина Цветы 80x160 см,assel-luxe1,80x160,30426959_PP1,10.0,59990
433456931,Assel Luxe 3D-картина Ак жал 50x70 см,assel-luxe1,50x70,30426959_PP1,10.0,24990
140193040_839926132,Assel Luxe 3D-картина Assel Luxe Картина Конь на берегу моря 160x80 см,assel-luxe1,160x80,30426959_PP1,10.0,59990
129529439_483525030,Assel Luxe 3D-картина Семейства Льва 70x100 см,assel-luxe1,70x100,30426959_PP1,10.0,39990
591649716,Assel Decor 3D-картина Қос жылқы 40x40 см,assel-decor,40x40,30426959_PP1,10.0,59990
955610466,Assel Luxe 3D-картина Черный конь 80x160 см,assel-luxe1,80x160,30426959_PP1,10.0,59990
463509941,Assel Luxe 3D-картина Assel Luxe Картина Пейзаж Озеро 160x80 см,assel-luxe1,160x80,30426959_PP1,10.0,59990
063092985,Assel Luxe модульная картина Конор Макгрегор 50x70 см,assel-luxe1,50x70,30426959_PP1,10.0,74990
426855727,Assel Luxe 3D-картина Слон 80x160 см,assel-luxe1,80x160,30426959_PP1,10.0,84990
913452645,Assel Luxe 3D-картина Природа Олени 80x160 см,assel-luxe1,80x160,30426959_PP1,10.0,59990
034564971,Assel Decor 3D-картина Секрет волны 80x160 см,assel-decor,80x160,30426959_PP1,10.0,59990
129106096_544620011,Assel Luxe 3D-картина Портрет девушки 70x100 см,assel-luxe1,70x100,30426959_PP1,10.0,39990
488988836,Assel Luxe 3D-картина Assel Luxe Снежная Лошадка 80x160 см,assel-luxe1,80x160,30426959_PP1,10.0,59990
288651261,Assel Luxe 3D-картина Подводный мир 80x160 см,assel-luxe1,80x160,30426959_PP1,10.0,59990
944528220,Assel Luxe модульная картина Assel Luxe Картина Леопард 80x80 см,assel-luxe1,80x80,30426959_PP1,10.0,59990
134911968,Assel Luxe 3D-картина Черная лошадь 80x160 см,assel-luxe1,80x160,30426959_PP1,10.0,59990
464771226,Assel Luxe 3D-картина Assel Luxe Картина Пейзаж красное дерева 80x160 см,assel-luxe1,80x160,30426959_PP1,10.0,59990
783952696,Assel Luxe модульная картина Перо 80x60 см,assel-luxe1,80x60,30426959_PP1,10.0,74990
626715056,Assel Luxe 3D-картина Отбасы с часами и с подсветкой 80x160 см,assel-luxe1,80x160,30426959_PP1,10.0,84990
454522064,Assel Luxe 3D-картина Цветы в вазе 160x80 см,assel-luxe1,160x80,30426959_PP1,10.0,59990
002794782,Assel Luxe 3D-картина Солнечный закат в поле 80x160 см,assel-luxe1,80x160,30426959_PP1,10.0,59990
450147615,Assel Decor 3D-картина Беркут 80x160 см,assel-decor,80x160,30426959_PP1,10.0,59990
668581638,Assel Luxe модульная картина Африканская женщина с крыльями 200x70 см,assel-luxe1,200x70,30426959_PP1,10.0,84990
223332382,Assel Luxe 3D-картина Золото дерево 80x80 см,assel-luxe1,80x80,30426959_PP1,10.0,39990
618766301,Assel Luxe 3D-картина Тюльпаны 80x160 см,assel-luxe1,80x160,30426959_PP1,10.0,59990
132417666_666656229,Assel Luxe 3D-картина Арабская каллиграфия с цветочками 160x80 см,assel-luxe1,160x80,30426959_PP1,10.0,59990
939599447,Assel Luxe 3D-картина Нежная цветочка 180x160 см,assel-luxe1,180x160,30426959_PP1,10.0,59990
522577729,Assel Luxe модульная картина Home Design Картина пейзаж камни модуль 200x70 см,assel-luxe1,200x70,30426959_PP1,10.0,84990
360077100,Assel Decor 3D-картина Два дракона равновесия 80x160 см,assel-decor,80x160,30426959_PP1,10.0,59990
730128000,Assel Luxe 3D-картина Домик в красном лесу природа 80x160 см,assel-luxe1,80x160,30426959_PP1,10.0,59990
128774044_466316974,Assel Luxe 3D-картина Африканская женщина 70x100 см,assel-luxe1,70x100,30426959_PP1,10.0,39990
041920447,Assel Luxe 3D-картина Home Design Картина Синяя лошадь 80x80 см,assel-luxe1,80x80,30426959_PP1,10.0,39990
133014124_922296300,Assel Luxe 3D-картина Горы и озеро 160x80 см,assel-luxe1,160x80,30426959_PP1,10.0,59990
853145989,Assel Luxe модульная картина Листья модуль 50x70 см,assel-luxe1,50x70,30426959_PP1,10.0,74990
820623927,Assel Luxe 3D-картина Assel Luxe Картина 1 мил 160x80 см,assel-luxe1,160x80,30426959_PP1,10.0,59990
129106160_515651716,Assel Luxe 3D-картина Семья льва 70x100 см,assel-luxe1,70x100,30426959_PP1,10.0,39990
734161078,Assel Luxe модульная картина Сила и гармония 150x70 см,assel-luxe1,150x70,30426959_PP1,10.0,79990
687122553,Assel Luxe модульная картина Полёт времени 200x70 см,assel-luxe1,200x70,30426959_PP1,10.0,84990
306994769,Assel Decor 3D-картина Шырын мен коктейльдер 80x160 см,assel-decor,80x160,30426959_PP1,10.0,59990
162520873,Assel Luxe 3D-картина Синие цветы на вазе 80x160 см,assel-luxe1,80x160,30426959_PP1,10.0,59990
334764100,Assel Luxe 3D-картина Assel Luxe Картина Ауыл 80x80 см,assel-luxe1,80x80,30426959_PP1,10.0,39990
073566842,Assel Luxe 3D-картина Мозаика 80x80 см,assel-luxe1,80x80,30426959_PP1,10.0,39990
469592670,Assel Luxe 3D-картина Воздушные шары 80x160 см,assel-luxe1,80x160,30426959_PP1,10.0,59990
129529506_935906544,Assel Luxe 3D-картина Белые розы 160x80 см,assel-luxe1,160x80,30426959_PP1,10.0,59990
130570568_693132324,Assel Luxe модульная картина Африканская красавица 70x100 см,assel-luxe1,70x100,30426959_PP1,10.0,99990
212011243,Assel Decor 3D-картина Шёпот весны 80x160 см,assel-decor,80x160,30426959_PP1,10.0,59990
096749695,Assel Decor 3D-картина Черный жеребец 80x160 см,assel-decor,80x160,30426959_PP1,10.0,59990
756287025,Assel Luxe 3D-картина Приборы и бокал 100x70 см,assel-luxe1,100x70,30426959_PP1,10.0,39990
130571054_984080217,Assel Luxe 3D-картина Пейзаж в золоте 160x80 см,assel-luxe1,160x80,30426959_PP1,10.0,59990
665918484,Assel Luxe модульная картина Абстракция 200x70 см,assel-luxe1,200x70,30426959_PP1,10.0,84990
569770885,Assel Decor 3D-картина Шөлді табиғат 80x160 см,assel-decor,80x160,30426959_PP1,10.0,59990
869354489,Assel Luxe 3D-картина Пейзаж 80x160 см,assel-luxe1,80x160,30426959_PP1,10.0,84990
620451242,Assel Luxe 3D-картина Природа с животными 80x160 см,assel-luxe1,80x160,30426959_PP1,10.0,59990
894128966,Assel Luxe 3D-картина Assel Luxe Картина Горы пейзаж 160x80 см,assel-luxe1,160x80,30426959_PP1,10.0,59990
721943092,Assel Luxe модульная картина Абстракция модульный пейзаж 200x70 см,assel-luxe1,200x70,30426959_PP1,10.0,84990
130670985_327904057,Assel Luxe 3D-картина Голова Коня 70x100 см,assel-luxe1,70x100,30426959_PP1,10.0,39990
884773891,Assel Decor 3D-картина Клеопатра 80x160 см,assel-decor,80x160,30426959_PP1,10.0,59990
012386458,Assel Luxe модульная картина Колечки 200x70 см,assel-luxe1,200x70,30426959_PP1,10.0,84990
870673729,Assel Luxe 3D-картина Геометрические фигуруи 80x160 см,assel-luxe1,80x160,30426959_PP1,10.0,84990
342928386,Assel Luxe 3D-картина Серый Лошадь 80x160 см,assel-luxe1,80x160,30426959_PP1,10.0,59990
137447253,Assel Decor 3D-картина Свет корней 80x160 см,assel-decor,80x160,30426959_PP1,10.0,59990
216013530,Assel Luxe 3D-картина Assel Luxe Картина влюбленные животные 100x70 см,assel-luxe1,100x70,30426959_PP1,10.0,39990
725982607,Assel Luxe 3D-картина Дама в шляпе 80x160 см,assel-luxe1,80x160,30426959_PP1,10.0,59990
742713879,Assel Luxe 3D-картина Природа Деревья 80x160 см,assel-luxe1,80x160,30426959_PP1,10.0,84990
097971660,Assel Luxe 3D-картина Черная лошадь 50x70 см,assel-luxe1,50x70,30426959_PP1,10.0,24990
051600252,Assel Luxe модульная картина Украшение в Африканском стиле 70x100 см,assel-luxe1,70x100,30426959_PP1,10.0,99990
563276211,Assel Luxe модульная картина Кобелек 80x80 см,assel-luxe1,80x80,30426959_PP1,10.0,79990
769191698,Assel Luxe 3D-картина Синяя птица на ветке 80x160 см,assel-luxe1,80x160,30426959_PP1,10.0,59990
407129248,Assel Luxe модульная картина Африканская женщина 50x70 см,assel-luxe1,50x70,30426959_PP1,10.0,74990
270535896,Assel Luxe 3D-картина Космическая пыль 80x80 см,assel-luxe1,80x80,30426959_PP1,10.0,39990
357527967,Assel Luxe 3D-картина Зима 160x80 см,assel-luxe1,160x80,30426959_PP1,10.0,59990
860252303,Assel Luxe 3D-картина Две Лошади 80x160 см,assel-luxe1,80x160,30426959_PP1,10.0,59990
814098322,Assel Luxe 3D-картина Золотые холмы 80x80 см,assel-luxe1,80x80,30426959_PP1,10.0,39990
901067597,Assel Luxe 3D-картина Белая Лошадка 80x160 см,assel-luxe1,80x160,30426959_PP1,10.0,59990
132417474_810762055,Assel Luxe 3D-картина Мечеть 160x80 см,assel-luxe1,160x80,30426959_PP1,10.0,59990
088570693,Assel Luxe модульная картина Геометрия природы 200x70 см,assel-luxe1,200x70,30426959_PP1,10.0,84990
585548119,Assel Luxe модульная картина Золотой цветок 200x70 см,assel-luxe1,200x70,30426959_PP1,10.0,84990
004940902,Assel Decor 3D-картина Цветы 80x160 см,assel-decor,80x160,30426959_PP1,10.0,59990
128882431,Assel Luxe 3D-картина Семейство 80x80 см,assel-luxe1,80x80,30426959_PP1,10.0,39990
486449175,Assel Luxe 3D-картина Растения 100x70 см,assel-luxe1,100x70,30426959_PP1,10.0,39990
425808125,Assel Luxe 3D-картина Assel Luxe Картина Парусник 80x160 см,assel-luxe1,80x160,30426959_PP1,10.0,59990
053415027,Assel Luxe модульная картина Лестница 50x70 см,assel-luxe1,50x70,30426959_PP1,10.0,74990
987418604,Assel Luxe 3D-картина Слон 80x160 см,assel-luxe1,80x160,30426959_PP1,10.0,59990
555026952,Assel Luxe 3D-картина Бегущие лошади 80x160 см,assel-luxe1,80x160,30426959_PP1,10.0,59990
837069535,Assel Luxe модульная картина Портрет африканской женщины 70x100 см,assel-luxe1,70x100,30426959_PP1,10.0,99990
988829434,Assel Luxe модульная картина Камни 50x70 см,assel-luxe1,50x70,30426959_PP1,10.0,74990
689818345,Assel Decor 3D-картина Тайна корней 80x160 см,assel-decor,80x160,30426959_PP1,10.0,59990
775035768,Assel Luxe модульная картина Крылья Жар птиц модуль 50x70 см,assel-luxe1,50x70,30426959_PP1,10.0,74990
130670976_163362475,Assel Luxe 3D-картина Коричневый Лошадь 70x100 см,assel-luxe1,70x100,30426959_PP1,10.0,39990
130670964_838928133,Assel Luxe 3D-картина Кристалл 70x100 см,assel-luxe1,70x100,30426959_PP1,10.0,39990
062067991,Assel Luxe 3D-картина Лебеди 160x80 см,assel-luxe1,160x80,30426959_PP1,10.0,59990
963875827,Assel Luxe 3D-картина Assel Luxe Картина степь 100x70 см,assel-luxe1,100x70,30426959_PP1,10.0,39990
525055752,Assel Luxe модульная картина Assel Luxe Модуль в синем фоне 50x70 см,assel-luxe1,50x70,30426959_PP1,10.0,74990
273339533,Assel Luxe 3D-картина Assel Luxe Картина нежная лошадка 80x160 см,assel-luxe1,80x160,30426959_PP1,10.0,59990
748884652,Assel Luxe 3D-картина природа озер с подсветкой 80x160 см,assel-luxe1,80x160,30426959_PP1,10.0,84990
233936198,Assel Luxe модульная картина жар птица модуль для гостиной 200x70 см,assel-luxe1,200x70,30426959_PP1,10.0,84990
394349597,Assel Luxe 3D-картина Лошадь 80x160 см,assel-luxe1,80x160,30426959_PP1,10.0,84990
168099954,Assel Luxe 3D-картина Assel Luxe Картина абстракция 80x80 см,assel-luxe1,80x80,30426959_PP1,10.0,39990
279048796,Assel Luxe 3D-картина Бегущий красивый Лошадь 80x160 см,assel-luxe1,80x160,30426959_PP1,10.0,59990
992619633,Assel Luxe модульная картина Олени 50x70 см,assel-luxe1,50x70,30426959_PP1,10.0,74990
411569427,Assel Luxe 3D-картина «Правила нашего дома» (Bizdiń úıdiń erejeleri) 50x70 см,assel-luxe1,50x70,30426959_PP1,10.0,29990
713528055,Assel Luxe 3D-картина Вальс роз 70x100 см,assel-luxe1,70x100,30426959_PP1,10.0,39990
702400530,Assel Luxe 3D-картина Золотая птица 80x160 см,assel-luxe1,80x160,30426959_PP1,10.0,59990
414461155,Assel Luxe 3D-картина Черные Горы 80x160 см,assel-luxe1,80x160,30426959_PP1,10.0,84990
213612867,Assel Luxe модульная картина Воздушный шар 50x70 см,assel-luxe1,50x70,30426959_PP1,10.0,49990
067513106,Assel Luxe 3D-картина Парус 80x160 см,assel-luxe1,80x160,30426959_PP1,10.0,59990
806206207,Assel Luxe 3D-картина Assel Luxe Картина Черный конь с подсветкой 80x160 см,assel-luxe1,80x160,30426959_PP1,10.0,84990
150596301,Assel Luxe 3D-картина Жемчужина океана 80x160 см,assel-luxe1,80x160,30426959_PP1,15.0,59990
150885716_887202525,Assel Luxe 3D-картина Зима Лебеди 160x80 см,assel-luxe1,160x80,30426959_PP1,10.0,59990
836793442,Assel Decor 3D-картина Орел 80x160 см,assel-decor,80x160,30426959_PP1,10.0,59990
037381021,Assel Luxe модульная картина Скандинавия 200x70 см,assel-luxe1,200x70,30426959_PP1,10.0,84990
449514877,Assel Luxe 3D-картина Лось 80x160 см,assel-luxe1,80x160,30426959_PP1,10.0,59990
488296120,Assel Luxe 3D-картина Золотые колосья 80x160 см,assel-luxe1,80x160,30426959_PP1,10.0,59990
708078150,Assel Luxe 3D-картина Абстракция мрамор 80x160 см,assel-luxe1,80x160,30426959_PP1,10.0,59990
867667094,Assel Luxe 3D-картина Мекках ночью 160x80 см,assel-luxe1,160x80,30426959_PP1,10.0,59990
125946254,Assel Luxe 3D-картина Assel Luxe Картина тень лошади с иммуницей 80x160 см,assel-luxe1,80x160,30426959_PP1,10.0,59990
149671759_301867001,Assel Luxe 3D-картина Мекке мадина 70x100 см,assel-luxe1,70x100,30426959_PP1,10.0,39990
588423737,Assel Luxe 3D-картина Assel Luxe Картина Семейное идиллия лошади 100x70 см,assel-luxe1,100x70,30426959_PP1,10.0,39990
847669916,Assel Luxe 3D-картина Космонафт 80x160 см,assel-luxe1,80x160,30426959_PP1,10.0,84990
198401156,Assel Luxe 3D-картина Пейзаж с животными 80x160 см,assel-luxe1,80x160,30426959_PP1,10.0,59990
790623480,Assel Luxe 3D-картина Олень с подсветкой для гостиной 80x160 см,assel-luxe1,80x160,30426959_PP1,10.0,84990
630452229,Assel Luxe 3D-картина Роналду топтамасы 50x70 см,assel-luxe1,50x70,30426959_PP1,9.0,24990
438457402,Assel Luxe 3D-картина Слон 160x80 см,assel-luxe1,160x80,30426959_PP1,10.0,59990
806141887,Assel Luxe 3D-картина Assel Luxe Картина Орел птица 50x70 см,assel-luxe1,50x70,30426959_PP1,10.0,24990
172394195,Assel Luxe 3D-картина Assel Luxe Картина Каран 50x70 см,assel-luxe1,50x70,30426959_PP1,10.0,24990
140400823,Assel Luxe 3D-картина Павлин птица счастья с подсветкой 80x160 см,assel-luxe1,80x160,30426959_PP1,10.0,84990
525066451,Assel Luxe 3D-картина Снеговик 80x160 см,assel-luxe1,80x160,30426959_PP1,10.0,59990
617049363,Assel Luxe 3D-картина Розы на стене 70x100 см,assel-luxe1,70x100,30426959_PP1,10.0,39990
421675233,Assel Luxe 3D-картина Assel Luxe Картина абстракция цветок растения 80x160 см,assel-luxe1,80x160,30426959_PP1,10.0,59990
909400919,Assel Luxe 3D-картина Белая Лошадь 80x160 см,assel-luxe1,80x160,30426959_PP1,10.0,59990
128694465_336115547,Assel Luxe модульная картина Скандинавские абстракции 70x100 см,assel-luxe1,70x100,30426959_PP1,10.0,84990
188014976,Assel Luxe 3D-картина Синяя птица на цветке 80x160 см,assel-luxe1,80x160,30426959_PP1,10.0,59990
346640674,Assel Luxe модульная картина Космос 50x70 см,assel-luxe1,50x70,30426959_PP1,10.0,49990
976531076,Assel Luxe 3D-картина Розы на темном фоне 70x100 см,assel-luxe1,70x100,30426959_PP1,10.0,39990
671051631,Assel Luxe 3D-картина Сочные красные розы 80x160 см,assel-luxe1,80x160,30426959_PP1,10.0,59990
108541740,Assel Luxe 3D-картина Алтын сарқырама 80x160 см,assel-luxe1,80x160,30426959_PP1,10.0,59990
779360171,Assel Luxe модульная картина Картина модуль для кухни с цветочками 200x70 см,assel-luxe1,200x70,30426959_PP1,10.0,84990
228996560,Assel Luxe 3D-картина Индиская девушка 80x160 см,assel-luxe1,80x160,30426959_PP1,10.0,59990
655103939,Assel Luxe модульная картина Тюльпаны 80x80 см,assel-luxe1,80x80,30426959_PP1,10.0,59990
081277559,Assel Luxe модульная картина Камни 50x70 см,assel-luxe1,50x70,30426959_PP1,10.0,74990
940789288,Assel Luxe 3D-картина Соки из фруктов 80x160 см,assel-luxe1,80x160,30426959_PP1,10.0,59990
660848937,Assel Luxe 3D-картина Қызыл үйлесім 80x160 см,assel-luxe1,80x160,30426959_PP1,10.0,59990
128765968_972659255,Assel Luxe 3D-картина Қазақ үй 70x100 см,assel-luxe1,70x100,30426959_PP1,10.0,39990
821455702,Assel Luxe 3D-картина Черная лошадь 80x160 см,assel-luxe1,80x160,30426959_PP1,10.0,59990
438790423,Assel Luxe 3D-картина Ракушки морской пейзаж 80x160 см,assel-luxe1,80x160,30426959_PP1,10.0,59990
273589266,Assel Luxe 3D-картина Гүлдер сыры 80x160 см,assel-luxe1,80x160,30426959_PP1,10.0,59990
140274860_703659590,Assel Luxe 3D-картина Леопард 160x80 см,assel-luxe1,160x80,30426959_PP1,10.0,59990
840638417,"Часы механические Assel Luxe 840638417, металл",assel-luxe1,,30426959_PP1,10.0,84990
485912731,Assel Luxe 3D-картина Home Design Картина Абстракция кольцы 50x70 см,assel-luxe1,50x70,30426959_PP1,10.0,24990
685263330,Assel Decor 3D-картина Assel Decor 80x80 см,assel-decor,80x80,30426959_PP1,10.0,39990
730392089,Assel Luxe 3D-картина Белое великолепие 80x160 см,assel-luxe1,80x160,30426959_PP1,10.0,59990
407051986,Assel Luxe 3D-картина Assel Luxe Картина Буркит киели кус 100x70 см,assel-luxe1,100x70,30426959_PP1,10.0,39990
602046064,Assel Luxe 3D-картина Белая Лошадь 80x160 см,assel-luxe1,80x160,30426959_PP1,10.0,59990
140246992_319909586,Assel Luxe 3D-картина Лебеди романтика 70x100 см,assel-luxe1,70x100,30426959_PP1,10.0,39990
131209875_160760831,Assel Luxe 3D-картина Красное Дерево 160x80 см,assel-luxe1,160x80,30426959_PP1,10.0,59990
262919854,Assel Luxe 3D-картина Бабочки с цветочками 80x160 см,assel-luxe1,80x160,30426959_PP1,10.0,59990
773989976,Assel Luxe 3D-картина Assel Luxe Картина Дерево с розовым цветом 80x80 см,assel-luxe1,80x80,30426959_PP1,10.0,39990
309131961,Assel Luxe 3D-картина Дельфины 160x80 см,assel-luxe1,160x80,30426959_PP1,10.0,59990
792384976,Assel Luxe 3D-картина Грациозная Лошадка черная 80x160 см,assel-luxe1,80x160,30426959_PP1,10.0,59990
053321286,Assel Decor 3D-картина Лев и овца 80x160 см,assel-decor,80x160,30426959_PP1,10.0,59990
456637411,Assel Luxe 3D-картина Будда 160x80 см,assel-luxe1,160x80,30426959_PP1,10.0,59990
993148419,Assel Luxe модульная картина Перо 200x70 см,assel-luxe1,200x70,30426959_PP1,10.0,84990
854674461,Assel Luxe модульная картина Золотой ритм 150x70 см,assel-luxe1,150x70,30426959_PP1,10.0,79990
690784722,Assel Decor 3D-картина Король весны 80x160 см,assel-decor,80x160,30426959_PP1,10.0,59990
924107520,Assel Luxe 3D-картина Золотое величие 80x160 см,assel-luxe1,80x160,30426959_PP1,10.0,59990
410941240,Assel Luxe 3D-картина Золотой лошади 80x160 см,assel-luxe1,80x160,30426959_PP1,10.0,59990
020124386,Assel Luxe 3D-картина Картина Бегущий белый конь 80x160 см,assel-luxe1,80x160,30426959_PP1,10.0,59990
755023740,Assel Luxe 3D-картина Павлин птица счастья 80x160 см,assel-luxe1,80x160,30426959_PP1,10.0,59990
736813349,Assel Luxe 3D-картина Assel Luxe Картина серый Лошадь 100x220 см,assel-luxe1,100x220,30426959_PP1,10.0,139990
308435892,Assel Luxe 3D-картина Жар птица с подсветкой 80x160 см,assel-luxe1,80x160,30426959_PP1,10.0,84990
079072496,Assel Luxe 3D-картина Черный Конь 80x160 см,assel-luxe1,80x160,30426959_PP1,10.0,59990
406559505,Assel Luxe 3D-картина Assel Luxe Картина Тумар в красном фоне 50x70 см,assel-luxe1,50x70,30426959_PP1,10.0,24990
365753925,Assel Luxe 3D-картина Орел животные 160x80 см,assel-luxe1,160x80,30426959_PP1,10.0,59990
140246905_209433432,Assel Luxe 3D-картина Роза цветы 160x80 см,assel-luxe1,160x80,30426959_PP1,10.0,59990
605920762,Assel Luxe 3D-картина Дастархан 80x80 см,assel-luxe1,80x80,30426959_PP1,10.0,39990
373028136,Assel Luxe 3D-картина 373028136 80x160 см,assel-luxe1,80x160,30426959_PP1,10.0,84990
140247214_024629037,Assel Luxe 3D-картина Когершин 70x100 см,assel-luxe1,70x100,30426959_PP1,10.0,39990
017612301,Assel Luxe 3D-картина Пшеница у моря 80x160 см,assel-luxe1,80x160,30426959_PP1,10.0,59990
799637268,Assel Luxe 3D-картина Домбыра 70x50 см,assel-luxe1,70x50,30426959_PP1,8.0,24990
059567556,Assel Luxe 3D-картина Мекке 100x70 см,assel-luxe1,100x70,30426959_PP1,10.0,39990
504791636,Assel Luxe 3D-картина Золотое Дерево 80x160 см,assel-luxe1,80x160,30426959_PP1,10.0,59990
423555693,Assel Luxe 3D-картина «Золотое сияние» 80x160 см,assel-luxe1,80x160,30426959_PP1,10.0,99990
130365630_148420768,Assel Luxe 3D-картина Дама в черной шляпе 70x100 см,assel-luxe1,70x100,30426959_PP1,10.0,39990
637097163,Assel Luxe 3D-картина Природа 80x160 см,assel-luxe1,80x160,30426959_PP1,10.0,59990
626907632,Assel Decor 3D-картина Семья львов 40x40 см,assel-decor,40x40,30426959_PP1,10.0,24990
132741475_257668589,Assel Luxe 3D-картина Барс 70x100 см,assel-luxe1,70x100,30426959_PP1,10.0,39990
760761329,Assel Luxe модульная картина Assel Luxe картина Эйфелевая башня модуль 50x70 см,assel-luxe1,50x70,30426959_PP1,10.0,74990
701521744,Assel Decor 3D-картина Сказочный домик 80x160 см,assel-decor,80x160,30426959_PP1,10.0,59990
753682790,Assel Luxe 3D-картина Assel Luxe Картина Камень абстракция 80x160 см,assel-luxe1,80x160,30426959_PP1,10.0,59990
132791355_959019061,Assel Luxe 3D-картина Лев 70x100 см,assel-luxe1,70x100,30426959_PP1,10.0,39990
758289892,Assel Decor 3D-картина Белый цветок среди алых 80x160 см,assel-decor,80x160,30426959_PP1,10.0,59990
726470213,Assel Luxe 3D-картина Павлин 80x160 см,assel-luxe1,80x160,30426959_PP1,10.0,59990
681760987,Assel Decor 3D-картина Раушан гүлдер 80x160 см,assel-decor,80x160,30426959_PP1,10.0,59990
345296389,Assel Luxe 3D-картина цветы Мак 160x80 см,assel-luxe1,160x80,30426959_PP1,10.0,59990
590816762,Assel Luxe 3D-картина Home Design Картина Лошадь абстракция 80x160 см,assel-luxe1,80x160,30426959_PP1,10.0,59990
121365624,Assel Decor 3D-картина Птичка на дереве 80x160 см,assel-decor,80x160,30426959_PP1,10.0,59990
389329996,Assel Luxe 3D-картина Лошадь 160x80 см,assel-luxe1,160x80,30426959_PP1,10.0,59990
224973072,Assel Luxe 3D-картина Assel Luxe Картина цветочек 80x160 см,assel-luxe1,80x160,30426959_PP1,10.0,59990
130435185_828189744,Assel Luxe 3D-картина Девушка 70x100 см,assel-luxe1,70x100,30426959_PP1,10.0,39990
780103843,Assel Luxe 3D-картина Львицы с Львятами 70x100 см,assel-luxe1,70x100,30426959_PP1,10.0,39990
140246840_588936952,Assel Luxe 3D-картина Лошадь коричневый 160x80 см,assel-luxe1,160x80,30426959_PP1,10.0,59990
795229474,Assel Luxe 3D-картина Мак цветочки 80x160 см,assel-luxe1,80x160,30426959_PP1,10.0,59990
793875113,Assel Luxe 3D-картина Assel Luxe Картина Животное Конь 80x160 см,assel-luxe1,80x160,30426959_PP1,10.0,59990
130377568_888729059,Assel Luxe 3D-картина Месси 70x100 см,assel-luxe1,70x100,30426959_PP1,10.0,39990
071610900,Assel Luxe 3D-картина Көктем тынысы 80x160 см,assel-luxe1,80x160,30426959_PP1,10.0,59990
959573967,Assel Luxe модульная картина Ваза трехпанель 80x60 см,assel-luxe1,80x60,30426959_PP1,10.0,84990
147780692,Assel Decor 3D-картина Дерево надежды 80x160 см,assel-decor,80x160,30426959_PP1,9.0,59990
150885675_915581104,Assel Luxe 3D-картина Новый год 70x100 см,assel-luxe1,70x100,30426959_PP1,10.0,59990
431629501,Assel Luxe 3D-картина Assel Luxe Картина карпы с подсветкой пейзаж 80x160 см,assel-luxe1,80x160,30426959_PP1,10.0,84990
049432969,Assel Luxe 3D-картина Assel Luxe Картина Балыктар абстракция 80x160 см,assel-luxe1,80x160,30426959_PP1,10.0,59990
845382542,Assel Luxe 3D-картина Золотой олень 80x160 см,assel-luxe1,80x160,30426959_PP1,10.0,59990
554207743,Assel Luxe 3D-картина Корабля 80x160 см,assel-luxe1,80x160,30426959_PP1,10.0,59990
832390095,Assel Luxe 3D-картина Лев и семья 70x100 см,assel-luxe1,70x100,30426959_PP1,10.0,39990
378318127,Assel Decor 3D-картина Арыстандар отбасы 80x160 см,assel-decor,80x160,30426959_PP1,10.0,59990
611069201,Assel Luxe 3D-картина Корабль пейзаж 80x160 см,assel-luxe1,80x160,30426959_PP1,10.0,59990
120244772_986765934,Assel Luxe 3D-картина Обнаженная женщина 160x80 см,assel-luxe1,160x80,30426959_PP1,10.0,59990
830713500,Assel Decor 3D-картина Алая нежность 80x160 см,assel-decor,80x160,30426959_PP1,10.0,59990
153220761,Assel Decor 3D-картина Бабочка на цветы 80x160 см,assel-decor,80x160,30426959_PP1,10.0,59990
130786667_826000409,Assel Luxe 3D-картина Животные и карпы 160x80 см,assel-luxe1,160x80,30426959_PP1,10.0,59990
013709960,Assel Luxe модульная картина Абстракция с вазами 200x70 см,assel-luxe1,200x70,30426959_PP1,10.0,84990
740857436,Assel Luxe 3D-картина Абстракционные кольца с подсветкой 80x160 см,assel-luxe1,80x160,30426959_PP1,10.0,84990
317346665,Assel Luxe модульная картина Листья 50x70 см,assel-luxe1,50x70,30426959_PP1,10.0,74990
306873585,Assel Luxe 3D-картина Листья растения 80x160 см,assel-luxe1,80x160,30426959_PP1,10.0,59990
150943971_416058089,Assel Luxe 3D-картина Бык 160x80 см,assel-luxe1,160x80,30426959_PP1,10.0,59990
735160192,Assel Luxe 3D-картина Мандарины в вазе с часами 80x200 см,assel-luxe1,80x200,30426959_PP1,10.0,99990
275648154,Assel Luxe модульная картина Абстракция 80x160 см,assel-luxe1,80x160,30426959_PP1,10.0,84990
812938465,Assel Decor 3D-картина Время и земля 80x160 см,assel-decor,80x160,30426959_PP1,10.0,59990
122587511,Assel Luxe модульная картина Луна с шариками для детской 50x70 см,assel-luxe1,50x70,30426959_PP1,10.0,59990
896204370,Assel Luxe 3D-картина Золотой павлин 80x160 см,assel-luxe1,80x160,30426959_PP1,10.0,59990
015887085,Assel Luxe модульная картина 015887085 50x70 см,assel-luxe1,50x70,30426959_PP1,10.0,59990
189722627,Assel Luxe модульная картина Корабли 200x70 см,assel-luxe1,200x70,30426959_PP1,10.0,84990
156274633,Assel Decor 3D-картина Мұхит тынысы 80x160 см,assel-decor,80x160,30426959_PP1,10.0,59990
152400621_360187376,Assel Luxe 3D-картина Золотая Лошадь 70x100 см,assel-luxe1,70x100,30426959_PP1,10.0,39990
361849365,Assel Decor 3D-картина Табиғат сыры 80x160 см,assel-decor,80x160,30426959_PP1,10.0,59990
459730602,Assel Luxe 3D-картина Алтын балық 80x160 см,assel-luxe1,80x160,30426959_PP1,10.0,59990
295752761,Assel Decor 3D-картина Лев 80x160 см,assel-decor,80x160,30426959_PP1,10.0,59990
025920695,Assel Luxe модульная картина Осений Пейзаж 200x70 см,assel-luxe1,200x70,30426959_PP1,10.0,84990
712458917,Assel Luxe 3D-картина Air Plane 160x80 см,assel-luxe1,160x80,30426959_PP1,10.0,59990
754967766,Assel Luxe 3D-картина Assel Luxe Картина бегущий белый Конь 80x160 см,assel-luxe1,80x160,30426959_PP1,10.0,59990
740369710,Assel Luxe 3D-картина Сәйгүлік 80x160 см,assel-luxe1,80x160,30426959_PP1,10.0,59990
540146626,Assel Luxe 3D-картина Assel Luxe Картина Тистер 50x70 см,assel-luxe1,50x70,30426959_PP1,10.0,24990
031793192,Assel Luxe модульная картина Изумрудная гармония 200x70 см,assel-luxe1,200x70,30426959_PP1,10.0,84990
129382890_979660920,Assel Luxe 3D-картина Конь 70x100 см,assel-luxe1,70x100,30426959_PP1,10.0,39990
183615589,Assel Luxe 3D-картина Елка зима 80x160 см,assel-luxe1,80x160,30426959_PP1,10.0,59990
973398861,Assel Decor 3D-картина Дельфины 80x160 см,assel-decor,80x160,30426959_PP1,10.0,59990
549287865,Assel Luxe 3D-картина синий цветок 80x160 см,assel-luxe1,80x160,30426959_PP1,10.0,59990
130571730_961498729,Assel Luxe 3D-картина Пейзаж 160x80 см,assel-luxe1,160x80,30426959_PP1,10.0,59990
663815947,Assel Luxe 3D-картина Птица счастья 80x160 см,assel-luxe1,80x160,30426959_PP1,10.0,59990
136967733_258723686,Assel Luxe 3D-картина Assel Luxe Картина Лошадь коричневый 70x100 см,assel-luxe1,70x100,30426959_PP1,10.0,39990
856956617,Assel Luxe 3D-картина Прайда 80x80 см,assel-luxe1,80x80,30426959_PP1,10.0,39990
130436360_005219201,Assel Luxe 3D-картина Женщина 70x100 см,assel-luxe1,70x100,30426959_PP1,10.0,39990
174487676,Assel Luxe 3D-картина Assel Luxe Картина Кабалевская Лошадка 80x160 см,assel-luxe1,80x160,30426959_PP1,10.0,59990
550441752,Assel Luxe 3D-картина Картина Птица с подсветкой 80x160 см,assel-luxe1,80x160,30426959_PP1,10.0,84990
278970117,Assel Luxe 3D-картина Assel Luxe Картина Тигр с короной 50x70 см,assel-luxe1,50x70,30426959_PP1,10.0,24990
065696496,Assel Luxe 3D-картина Золотой Лошадь 80x160 см,assel-luxe1,80x160,30426959_PP1,10.0,84990
704567439,Assel Luxe 3D-картина Перья в зеленом шелке 80x160 см,assel-luxe1,80x160,30426959_PP1,10.0,59990
735820121,Assel Luxe модульная картина Скандинавия перья 200x70 см,assel-luxe1,200x70,30426959_PP1,10.0,84990
253187889,Assel Luxe 3D-картина Assel Luxe Картина цветы красные 160x80 см,assel-luxe1,160x80,30426959_PP1,10.0,59990
709245256,Assel Luxe модульная картина Скандинавский стиль 200x70 см,assel-luxe1,200x70,30426959_PP1,10.0,84990
150943958_201579177,Assel Luxe 3D-картина Бегущий Бык 160x80 см,assel-luxe1,160x80,30426959_PP1,10.0,59990
129515499,Assel Luxe 3D-картина Ракушка 50x70 см,assel-luxe1,50x70,30426959_PP1,10.0,24990
915791882,Assel Decor 3D-картина Цветы 80x160 см,assel-decor,80x160,30426959_PP1,10.0,59990
373092605,Assel Luxe 3D-картина фиолетовые цветочки 160x80 см,assel-luxe1,160x80,30426959_PP1,10.0,59990
366010779,Assel Luxe 3D-картина Мрамор 80x80 см,assel-luxe1,80x80,30426959_PP1,10.0,39990
152400615_377266236,Assel Luxe 3D-картина Жайылым 160x80 см,assel-luxe1,160x80,30426959_PP1,10.0,59990
061258505,Assel Decor 3D-картина Сұлулық пен құштарлық 80x160 см,assel-decor,80x160,30426959_PP1,10.0,59990
850087680,Assel Luxe 3D-картина с подсветкой рыбками 80x160 см,assel-luxe1,80x160,30426959_PP1,10.0,84990
672135233,Assel Luxe 3D-картина Лось 80x160 см,assel-luxe1,80x160,30426959_PP1,10.0,59990
460211919,Assel Luxe 3D-картина красные цветочки 80x160 см,assel-luxe1,80x160,30426959_PP1,10.0,59990
927844411,Assel Decor 3D-картина Алтын тәңірдің күші 80x160 см,assel-decor,80x160,30426959_PP1,10.0,59990
628534553,Assel Luxe 3D-картина Черный породистый конь 70x100 см,assel-luxe1,70x100,30426959_PP1,10.0,39990
262143146,Assel Luxe модульная картина Слон 200x70 см,assel-luxe1,200x70,30426959_PP1,10.0,84990
764551632,Assel Decor 3D-картина Қара тәңір күші 80x160 см,assel-decor,80x160,30426959_PP1,10.0,59990
422309350,Assel Luxe 3D-картина Корабль пейзаж 80x160 см,assel-luxe1,80x160,30426959_PP1,10.0,59990
772764493,Assel Luxe 3D-картина Лепесток с часами 80x200 см,assel-luxe1,80x200,30426959_PP1,10.0,99990
136967729_677130692,Assel Luxe 3D-картина Assel Luxe Картина Голова лошади животные 70x100 см,assel-luxe1,70x100,30426959_PP1,10.0,39990
599649399,Assel Decor 3D-картина Жылқы рухы 80x160 см,assel-decor,80x160,30426959_PP1,10.0,59990
132417590_694069604,Assel Luxe 3D-картина Мечеть 160x80 см,assel-luxe1,160x80,30426959_PP1,10.0,59990
255137755,Assel Luxe 3D-картина Карпы 80x160 см,assel-luxe1,80x160,30426959_PP1,10.0,59990
643747157,Assel Decor 3D-картина Золотой павлин 80x160 см,assel-decor,80x160,30426959_PP1,10.0,59990
047837281,Assel Luxe 3D-картина Тень Лошади с подсветкой 80x160 см,assel-luxe1,80x160,30426959_PP1,10.0,84990
565325117,Assel Luxe 3D-картина Синий Павлин с подсветкой 80x160 см,assel-luxe1,80x160,30426959_PP1,10.0,84990
150943875_050248699,Assel Luxe 3D-картина Пляж 160x80 см,assel-luxe1,160x80,30426959_PP1,10.0,59990
468278781,Assel Luxe 3D-картина Лошадь 80x160 см,assel-luxe1,80x160,30426959_PP1,10.0,59990
812323498,Assel Luxe 3D-картина Елка свечами 80x160 см,assel-luxe1,80x160,30426959_PP1,10.0,59990
032895652,Assel Luxe 3D-картина подсветкой Луна животные 80x160 см,assel-luxe1,80x160,30426959_PP1,10.0,84990
631529532,Assel Luxe 3D-картина Assel Luxe Картина две животных 100x70 см,assel-luxe1,100x70,30426959_PP1,10.0,39990
227995880,Assel Luxe 3D-картина Дед мороз и снегурочка 160x80 см,assel-luxe1,160x80,30426959_PP1,10.0,59990
265279600,Assel Luxe 3D-картина Маки разноцветные 80x160 см,assel-luxe1,80x160,30426959_PP1,10.0,59990
973101270,Assel Decor 3D-картина Павлин 80x160 см,assel-decor,80x160,30426959_PP1,10.0,59990
546034222,Assel Luxe модульная картина Казакы накыш 200x80 см,assel-luxe1,200x80,30426959_PP1,10.0,84990
833233967,Assel Luxe 3D-картина Белая королевская лошадь 80x160 см,assel-luxe1,80x160,30426959_PP1,10.0,59990
650034745,Assel Luxe 3D-картина Ледяной павлин 80x160 см,assel-luxe1,80x160,30426959_PP1,10.0,59990
846564341,Assel Luxe 3D-картина Assel Luxe Картина абстракция девушка 80x160 см,assel-luxe1,80x160,30426959_PP1,10.0,59990
016359501,Assel Decor 3D-картина Вечер в Мекке 80x160 см,assel-decor,80x160,30426959_PP1,10.0,59990
602366427,Assel Luxe 3D-картина Дерево счастья 50x70 см,assel-luxe1,50x70,30426959_PP1,10.0,24990
130671044_069740939,Assel Luxe 3D-картина Лебеди сердечко 160x80 см,assel-luxe1,160x80,30426959_PP1,10.0,59990
170440956,Assel Luxe 3D-картина Assel Luxe Картина Зубов 50x70 см,assel-luxe1,50x70,30426959_PP1,10.0,24990
771296377,Assel Luxe модульная картина Модуль для гостиной 200x70 см,assel-luxe1,200x70,30426959_PP1,10.0,84990
053406598,Assel Luxe 3D-картина 053406598 70x50 см,assel-luxe1,70x50,30426959_PP1,10.0,24990
335071040,Assel Luxe 3D-картина Assel Luxe Картина растения абстракций 80x160 см,assel-luxe1,80x160,30426959_PP1,10.0,59990
341568639,Assel Luxe модульная картина Геометрия 200x70 см,assel-luxe1,200x70,30426959_PP1,10.0,84990
761250992,Assel Luxe модульная картина Home Design Картина Модуль Лошади абстракция 200x70 см,assel-luxe1,200x70,30426959_PP1,10.0,84990
225945350,Assel Luxe модульная картина Assel Luxe Картина паруса модуль 200x70 см,assel-luxe1,200x70,30426959_PP1,10.0,84990
570823823,Assel Decor 3D-картина Мак 80x160 см,assel-decor,80x160,30426959_PP1,10.0,59990
876589599,Assel Luxe 3D-картина Assel Luxe Казахская Лошадка 80x160 см,assel-luxe1,80x160,30426959_PP1,10.0,59990
930752460,Assel Luxe 3D-картина Мезанические часы”Легенда времени” 80x160 см,assel-luxe1,80x160,30426959_PP1,10.0,129990
807254595,Assel Luxe 3D-картина Золотые листья 80x200 см,assel-luxe1,80x200,30426959_PP1,10.0,99990
478661920,Assel Luxe модульная картина Кольца 200x70 см,assel-luxe1,200x70,30426959_PP1,10.0,84990
580996561,Assel Decor 3D-картина Түнгі рейс 80x160 см,assel-decor,80x160,30426959_PP1,10.0,59990
714733443,Assel Luxe 3D-картина Новогодняя 80x160 см,assel-luxe1,80x160,30426959_PP1,10.0,59990
119532756,Assel Luxe модульная картина Денежные деревья 80x80 см,assel-luxe1,80x80,30426959_PP1,10.0,59990
869010870,Assel Luxe 3D-картина Assel Luxe Картина Золотая Дерево 50x70 см,assel-luxe1,50x70,30426959_PP1,10.0,24990
140274817_220810485,Assel Luxe 3D-картина Слон 160x80 см,assel-luxe1,160x80,30426959_PP1,10.0,59990
630199488,Assel Luxe 3D-картина Картина Смотрящий конь с подсветкой 80x160 см,assel-luxe1,80x160,30426959_PP1,10.0,84990
122470380,Assel Luxe 3D-картина Пейзаж 80x160 см,assel-luxe1,80x160,30426959_PP1,10.0,59990
098402881,Assel Luxe 3D-картина Два журавля с часами 80x200 см,assel-luxe1,80x200,30426959_PP1,10.0,129990
426309040,Assel Luxe 3D-картина Temirlan Anarbekov 50x70 см,assel-luxe1,50x70,30426959_PP1,10.0,24990
136253587_182477648,Assel Luxe 3D-картина Assel Luxe Картина ночной пейзаж 70x100 см,assel-luxe1,70x100,30426959_PP1,10.0,39990
181768006,Assel Luxe 3D-картина Алые маки 100x70 см,assel-luxe1,100x70,30426959_PP1,10.0,39990
129783181_129040658,Assel Luxe 3D-картина Семейства Льва с подсветкой 70x100 см,assel-luxe1,70x100,30426959_PP1,10.0,44990
086179079,Assel Luxe 3D-картина Облака природа 80x160 см,assel-luxe1,80x160,30426959_PP1,10.0,59990
939763256,Assel Luxe 3D-картина Бокал 100x70 см,assel-luxe1,100x70,30426959_PP1,10.0,39990
740082113,Assel Luxe модульная картина Түнгі әуен 200x70 см,assel-luxe1,200x70,30426959_PP1,10.0,84990
769140691,Assel Luxe 3D-картина Осенний пейзаж 80x160 см,assel-luxe1,80x160,30426959_PP1,10.0,59990
112565931,Assel Luxe 3D-картина Семейное время с часами 80x160 см,assel-luxe1,80x160,30426959_PP1,10.0,84990
130834036_867346543,Assel Luxe 3D-картина Картина Дон 160x80 см,assel-luxe1,160x80,30426959_PP1,10.0,59990
805304540,Assel Luxe 3D-картина Золотое перья 80x160 см,assel-luxe1,80x160,30426959_PP1,10.0,59990
573323893,Assel Luxe 3D-картина Вечная гармония 80x160 см,assel-luxe1,80x160,30426959_PP1,10.0,59990
669217915,Assel Luxe 3D-картина 669217915 70x100 см,assel-luxe1,70x100,30426959_PP1,10.0,39990
152400610_153887704,Assel Luxe 3D-картина Нежный цветок для хола 160x80 см,assel-luxe1,160x80,30426959_PP1,10.0,59990
143420946,Assel Decor 3D-картина Лес 80x160 см,assel-decor,80x160,30426959_PP1,10.0,59990
572937410,Assel Luxe 3D-картина Assel Luxe Картина Камшы 50x70 см,assel-luxe1,50x70,30426959_PP1,10.0,24990
409596895,Assel Decor 3D-картина Әйел бейнесі 80x160 см,assel-decor,80x160,30426959_PP1,10.0,59990
031790503,Assel Luxe 3D-картина Листья абстракция 80x160 см,assel-luxe1,80x160,30426959_PP1,10.0,59990
427079244,Assel Luxe 3D-картина Олен и рождественские 80x160 см,assel-luxe1,80x160,30426959_PP1,10.0,59990
687208935,Assel Luxe 3D-картина Луна 80x160 см,assel-luxe1,80x160,30426959_PP1,10.0,84990
136967756_593265598,Assel Luxe 3D-картина Assel Luxe Картина МухаммедАли боксер 70x100 см,assel-luxe1,70x100,30426959_PP1,10.0,39990
874559493,Assel Luxe 3D-картина Мак растение 80x160 см,assel-luxe1,80x160,30426959_PP1,10.0,59990
756109983,Assel Decor 3D-картина Птичка на цветке 80x160 см,assel-decor,80x160,30426959_PP1,10.0,59990
477420113,Assel Luxe 3D-картина Водопад из Роз 70x100 см,assel-luxe1,70x100,30426959_PP1,10.0,39990
539412972,Assel Luxe 3D-картина Нежные розы 70x100 см,assel-luxe1,70x100,30426959_PP1,10.0,39990
777760147,Assel Luxe 3D-картина Лошадь и черный красный дым 160x80 см,assel-luxe1,160x80,30426959_PP1,10.0,59990
152400619_279286661,Assel Luxe 3D-картина Домик в лесу 160x80 см,assel-luxe1,160x80,30426959_PP1,10.0,59990
769769254,Assel Luxe 3D-картина Assel Luxe Картина конь с подсветкой 80x160 см,assel-luxe1,80x160,30426959_PP1,10.0,84990
130670953_653045076,Assel Luxe 3D-картина Белый Конь в черном фоне 160x80 см,assel-luxe1,160x80,30426959_PP1,10.0,59990
829847350,Assel Luxe 3D-картина Assel Luxe Картина для офиса мотивационный 160x80 см,assel-luxe1,160x80,30426959_PP1,9.0,59990
337565721,Assel Decor 3D-картина Розы 80x160 см,assel-decor,80x160,30426959_PP1,10.0,59990
384678918,Assel Luxe 3D-картина Лошадь с подсветкой 80x160 см,assel-luxe1,80x160,30426959_PP1,10.0,84990
288287809,"Часы механические Assel Luxe Карпы, металл",assel-luxe1,,30426959_PP1,10.0,84990
975584033,Assel Luxe 3D-картина Мекка Мадина 160x80 см,assel-luxe1,160x80,30426959_PP1,10.0,59990
131281574_601154148,Assel Luxe 3D-картина Женщина в красном платье 160x80 см,assel-luxe1,160x80,30426959_PP1,10.0,59990
543951246,Assel Luxe 3D-картина Стая Рыб 80x160 см,assel-luxe1,80x160,30426959_PP1,10.0,59990
948539196,Assel Decor 3D-картина Золотой Самрук 80x160 см,assel-decor,80x160,30426959_PP1,10.0,59990
128648611_196259812,Assel Luxe 3D-картина Арабский конь 70x100 см,assel-luxe1,70x100,30426959_PP1,10.0,39990
083061184,Assel Luxe 3D-картина Перья 80x160 см,assel-luxe1,80x160,30426959_PP1,10.0,59990
785662082,Assel Luxe 3D-картина Павлин птица 80x160 см,assel-luxe1,80x160,30426959_PP1,10.0,84990
150885717_700399865,Assel Luxe 3D-картина Санта клаус 70x100 см,assel-luxe1,70x100,30426959_PP1,10.0,39990
133019666,3D-картина 133019666 80x160 см,assel-luxe1,80x160,30426959_PP1,10.0,59990
562008523,Assel Luxe модульная картина Листья абстракция 50x70 см,assel-luxe1,50x70,30426959_PP1,10.0,74990
447072203,Assel Luxe 3D-картина с подсветкой деревья с рыбками 80x160 см,assel-luxe1,80x160,30426959_PP1,10.0,84990
512178508,Assel Decor 3D-картина Золотой перья 80x160 см,assel-decor,80x160,30426959_PP1,10.0,59990
466190447,Assel Luxe модульная картина Золотые Листья 50x70 см,assel-luxe1,50x70,30426959_PP1,10.0,74990
550866954,Assel Luxe 3D-картина Водопад в лесу 160x80 см,assel-luxe1,160x80,30426959_PP1,10.0,59990
835714113,Assel Luxe 3D-картина Белая Лошадь с подсветкой l 80x160 см,assel-luxe1,80x160,30426959_PP1,10.0,59990
839342751,Assel Luxe 3D-картина Листва 80x160 см,assel-luxe1,80x160,30426959_PP1,10.0,84990
133711765,Assel Luxe 3D-картина Павлинс цветочками 160x80 см,assel-luxe1,160x80,30426959_PP1,10.0,59990
140246815_304443702,Assel Luxe 3D-картина цветы растения 160x80 см,assel-luxe1,160x80,30426959_PP1,10.0,59990
846685985,Assel Decor 3D-картина Қос арыстан 80x160 см,assel-decor,80x160,30426959_PP1,10.0,59990
351022753,Assel Luxe модульная картина Assel Luxe Картина модуль Лошади белые и черные 50x70 см,assel-luxe1,50x70,30426959_PP1,10.0,74990
526799356,Assel Decor 3D-картина Вазы 80x160 см,assel-decor,80x160,30426959_PP1,10.0,59990
150885706_069404442,Assel Luxe 3D-картина Самолет 160x80 см,assel-luxe1,160x80,30426959_PP1,10.0,59990
150885712_105403625,Assel Luxe 3D-картина Дерево золотая 160x80 см,assel-luxe1,160x80,30426959_PP1,10.0,59990
805921280,Assel Luxe модульная картина Листья абстракционные 50x70 см,assel-luxe1,50x70,30426959_PP1,10.0,74990
712918495,Assel Decor 3D-картина Беркут 80x160 см,assel-decor,80x160,30426959_PP1,10.0,59990
794011293,Assel Luxe 3D-картина Лазурное небо 80x160 см,assel-luxe1,80x160,30426959_PP1,10.0,59990
977559097,"Assel Luxe модульная картина Цветы , растения 50x70 см",assel-luxe1,50x70,30426959_PP1,10.0,74990
169160053,Assel Luxe 3D-картина цветы абстракция 80x160 см,assel-luxe1,80x160,30426959_PP1,10.0,79990
260551501,Assel Luxe 3D-картина Картина Ночной пейзаж с животными 80x160 см,assel-luxe1,80x160,30426959_PP1,10.0,59990
030430440,Assel Luxe модульная картина Скрывающая взгляд девушки 80x100 см,assel-luxe1,80x100,30426959_PP1,10.0,49990
112487372,Assel Luxe 3D-картина Assel Luxe Картина дерево с цветочками 80x160 см,assel-luxe1,80x160,30426959_PP1,10.0,59990
149671756_526661662,Assel Luxe 3D-картина Камчы 70x100 см,assel-luxe1,70x100,30426959_PP1,10.0,39990
113431572,Assel Luxe 3D-картина Золотая симфония 80x160 см,assel-luxe1,80x160,30426959_PP1,10.0,59990
993643437,Assel Luxe модульная картина Природа с животными 200x70 см,assel-luxe1,200x70,30426959_PP1,10.0,84990
129609939_381477627,Assel Luxe 3D-картина Цветы 80x160 см,assel-luxe1,80x160,30426959_PP1,10.0,59990
002602076,Assel Luxe 3D-картина Нежная гормония 80x160 см,assel-luxe1,80x160,30426959_PP1,10.0,59990
461405032,Assel Luxe 3D-картина Корабль 80x160 см,assel-luxe1,80x160,30426959_PP1,10.0,59990
149671757_612292859,Assel Luxe 3D-картина Мечеть 70x100 см,assel-luxe1,70x100,30426959_PP1,10.0,39990
754557682,Assel Luxe модульная картина Лось 200x70 см,assel-luxe1,200x70,30426959_PP1,10.0,84990
948491767,Assel Luxe 3D-картина Собачки 50x70 см,assel-luxe1,50x70,30426959_PP1,10.0,24990
481323039,Assel Luxe 3D-картина Тень Лошади с подсветкой животное 80x160 см,assel-luxe1,80x160,30426959_PP1,10.0,84990
349686932,Assel Luxe модульная картина Листья золотые 50x70 см,assel-luxe1,50x70,30426959_PP1,10.0,74990
989489980,Assel Luxe 3D-картина Табун Лошадей 80x160 см,assel-luxe1,80x160,30426959_PP1,10.0,59990
938003509,Assel Luxe 3D-картина Лошадь на новый год 80x160 см,assel-luxe1,80x160,30426959_PP1,10.0,84990
362633536,Assel Luxe 3D-картина Assel Luxe Картина Тигренок 50x70 см,assel-luxe1,50x70,30426959_PP1,10.0,24990
152400592_351678636,Assel Luxe 3D-картина Голова Лошади 70x100 см,assel-luxe1,70x100,30426959_PP1,10.0,39990
534519353,Assel Luxe модульная картина Вдохновение в золоте 150x70 см,assel-luxe1,150x70,30426959_PP1,10.0,79990
130670959_793361753,Assel Luxe 3D-картина Коричневый Конь 70x100 см,assel-luxe1,70x100,30426959_PP1,10.0,39990
093396382,Assel Luxe 3D-картина Рыбы 80x160 см,assel-luxe1,80x160,30426959_PP1,10.0,59990
126879647,Assel Luxe 3D-картина Assel Luxe Картина Мусульманское 80x80 см,assel-luxe1,80x80,30426959_PP1,10.0,59990
425713248,Assel Luxe модульная картина Тёплый свет природы 50x70 см,assel-luxe1,50x70,30426959_PP1,10.0,49990
149671751_727139190,Assel Luxe 3D-картина Саукеле 70x100 см,assel-luxe1,70x100,30426959_PP1,10.0,39990
190747210,Assel Luxe 3D-картина Павлин райская птица 50x70 см,assel-luxe1,50x70,30426959_PP1,10.0,24990
594570751,Assel Luxe 3D-картина абстракция 80x80 см,assel-luxe1,80x80,30426959_PP1,10.0,39990
082223752,Assel Luxe 3D-картина Кольца абстракция 80x160 см,assel-luxe1,80x160,30426959_PP1,10.0,59990
692520121,Assel Luxe 3D-картина Деньги Доллар 160x80 см,assel-luxe1,160x80,30426959_PP1,10.0,59990
375253745,Assel Decor 3D-картина Қыран құс 80x160 см,assel-decor,80x160,30426959_PP1,10.0,59990
128682720_601048313,Assel Luxe 3D-картина Африканская красавица 70x100 см,assel-luxe1,70x100,30426959_PP1,10.0,99990
721104062,Assel Luxe 3D-картина Арабская лошадь 80x160 см,assel-luxe1,80x160,30426959_PP1,10.0,59990
064910294,Assel Luxe 3D-картина Assel Luxe Картина Листва 80x160 см,assel-luxe1,80x160,30426959_PP1,10.0,59990
330072427,Assel Luxe 3D-картина Воздушный шар и природа 80x160 см,assel-luxe1,80x160,30426959_PP1,10.0,59990
387871539,Assel Luxe 3D-картина CR7 70x50 см,assel-luxe1,70x50,30426959_PP1,10.0,24990
002249911,Assel Luxe 3D-картина Лев и Тигр животные 50x70 см,assel-luxe1,50x70,30426959_PP1,10.0,24990
133206668_789409350,Assel Luxe 3D-картина Assel Luxe Картина закат 160x80 см,assel-luxe1,160x80,30426959_PP1,10.0,59990
889028671,Assel Luxe 3D-картина Елочка 80x160 см,assel-luxe1,80x160,30426959_PP1,10.0,59990
302017014,Assel Luxe модульная картина Золотая Луна и листья 200x70 см,assel-luxe1,200x70,30426959_PP1,10.0,84990
268483920,Assel Luxe модульная картина Камушки 50x70 см,assel-luxe1,50x70,30426959_PP1,10.0,74990
563015859,Assel Luxe 3D-картина Картина Дельфины морской пейзаж 80x160 см,assel-luxe1,80x160,30426959_PP1,10.0,59990
150885681_750341615,Assel Luxe 3D-картина Озеро природа 160x80 см,assel-luxe1,160x80,30426959_PP1,10.0,59990
646654313,Модульная картина Еда 100x70 см,assel-luxe1,100x70,30426959_PP1,10.0,74990
457660490,Assel Decor 3D-картина Ертегі әлемі 80x160 см,assel-decor,80x160,30426959_PP1,10.0,59990
898351658,Assel Luxe 3D-картина Изумрудная гармония 80x80 см,assel-luxe1,80x80,30426959_PP1,10.0,39990
332361073,Assel Luxe модульная картина Assel Luxe Картина модуль арабик Мекка 200x70 см,assel-luxe1,200x70,30426959_PP1,10.0,99990
149671755_095137521,Assel Luxe 3D-картина Саукеле 70x100 см,assel-luxe1,70x100,30426959_PP1,10.0,39990
998579303,Assel Luxe модульная картина Афро девушка 50x70 см,assel-luxe1,50x70,30426959_PP1,10.0,74990
153033787,Assel Luxe 3D-картина Женщина в шляпе 80x160 см,assel-luxe1,80x160,30426959_PP1,10.0,59990
512485680,Assel Luxe 3D-картина Тень Лошади 80x160 см,assel-luxe1,80x160,30426959_PP1,10.0,84990
995766461,Assel Luxe модульная картина Золотые олени и гортензия 150x70 см,assel-luxe1,150x70,30426959_PP1,10.0,79990
353348549,Assel Luxe 3D-картина Мишка Тедди 50x70 см,assel-luxe1,50x70,30426959_PP1,10.0,24990
580857796,Assel Decor 3D-картина Золотой конь 80x160 см,assel-decor,80x160,30426959_PP1,10.0,59990
165456823,Assel Luxe 3D-картина Девушка в маске 160x80 см,assel-luxe1,160x80,30426959_PP1,10.0,59990
068853602,Assel Luxe 3D-картина Рыбки золотые 80x160 см,assel-luxe1,80x160,30426959_PP1,10.0,59990
130437120_416708366,Assel Luxe 3D-картина Силуэт женщины 70x100 см,assel-luxe1,70x100,30426959_PP1,10.0,39990
092699601,Assel Luxe 3D-картина Юрта 70x100 см,assel-luxe1,70x100,30426959_PP1,10.0,39990
129895916_728605942,Assel Luxe 3D-картина Тигр 70x100 см,assel-luxe1,70x100,30426959_PP1,10.0,39990
139828534_985458053,Assel Luxe 3D-картина 098710172 160x80 см,assel-luxe1,160x80,30426959_PP1,10.0,59990
092618323,Assel Decor 3D-картина Снежный лес 80x160 см,assel-decor,80x160,30426959_PP1,10.0,59990
889936775,Assel Luxe 3D-картина Золотой поток 80x160 см,assel-luxe1,80x160,30426959_PP1,10.0,59990
599651417,Assel Luxe 3D-картина Assel Luxe Картина Камни 80x160 см,assel-luxe1,80x160,30426959_PP1,10.0,59990
029302969,Assel Luxe модульная картина Тюльпаны 80x80 см,assel-luxe1,80x80,30426959_PP1,10.0,79990
705081910,Assel Decor 3D-картина Семья льва 70x50 см,assel-decor,70x50,30426959_PP1,10.0,24990
312703842,Assel Luxe модульная картина Беркут 200x80 см,assel-luxe1,200x80,30426959_PP1,10.0,84990
130572859_073515956,Assel Luxe 3D-картина Золотая листва 160x80 см,assel-luxe1,160x80,30426959_PP1,10.0,59990
157436155,Assel Luxe 3D-картина Утренний свет 80x160 см,assel-luxe1,80x160,30426959_PP1,10.0,59990
774868078,Assel Luxe 3D-картина Assel Luxe Картина Лев 80x160 см,assel-luxe1,80x160,30426959_PP1,10.0,59990
472292374,Assel Luxe модульная картина Солнечная элегантность 50x70 см,assel-luxe1,50x70,30426959_PP1,10.0,49990
291853172,Assel Luxe модульная картина Home Design Картина модуль Колечки 70x50 см,assel-luxe1,70x50,30426959_PP1,10.0,74990
290182111,Assel Luxe модульная картина Золотое поле 80x80 см,assel-luxe1,80x80,30426959_PP1,10.0,79990
136967723_484552052,Assel Luxe 3D-картина Assel Luxe голова лошади 70x100 см,assel-luxe1,70x100,30426959_PP1,10.0,39990
829762991,Assel Decor картина Время с именем Аллаха 50x70 см,assel-decor,50x70,30426959_PP1,10.0,24990
140193035_369685959,Assel Luxe 3D-картина Assel Luxe Картина Лошади две красивые 160x80 см,assel-luxe1,160x80,30426959_PP1,10.0,59990
398705938,Assel Luxe 3D-картина Картина Желтый тень Лошади 80x160 см,assel-luxe1,80x160,30426959_PP1,10.0,59990
704053405,Assel Luxe модульная картина Растения 200x70 см,assel-luxe1,200x70,30426959_PP1,10.0,84990
411757538,Assel Decor 3D-картина Мұхит көрінісі 80x160 см,assel-decor,80x160,30426959_PP1,10.0,59990
316514966,Assel Luxe 3D-картина Рыбы 80x80 см,assel-luxe1,80x80,30426959_PP1,10.0,39990
374975693,Assel Luxe 3D-картина қызыл нәзіктік 80x160 см,assel-luxe1,80x160,30426959_PP1,10.0,59990
941950383,Assel Luxe 3D-картина Рождественская елка 80x160 см,assel-luxe1,80x160,30426959_PP1,10.0,59990
140246824_619504885,Assel Luxe 3D-картина Лошадь табун 160x80 см,assel-luxe1,160x80,30426959_PP1,10.0,59990
676446750,Assel Luxe 3D-картина Луна и животные ночной пейзаж 80x160 см,assel-luxe1,80x160,30426959_PP1,10.0,59990
395079142,Assel Luxe 3D-картина Дерево с подсветкой 80x160 см,assel-luxe1,80x160,30426959_PP1,10.0,84990
124811522,Assel Luxe 3D-картина Птицы павлин 80x160 см,assel-luxe1,80x160,30426959_PP1,10.0,59990
315128519,Assel Luxe 3D-картина Assel Luxe Картина Белая Лошадка 100x70 см,assel-luxe1,100x70,30426959_PP1,10.0,39990
519687422,Assel Luxe 3D-картина Лошади табуны 80x160 см,assel-luxe1,80x160,30426959_PP1,10.0,59990
789015230,Assel Decor 3D-картина Көкжал рухы 80x160 см,assel-decor,80x160,30426959_PP1,10.0,59990
097831533,Assel Luxe 3D-картина Золотые листья 80x160 см,assel-luxe1,80x160,30426959_PP1,10.0,59990
144389626,Assel Luxe 3D-картина Источник света 80x160 см,assel-luxe1,80x160,30426959_PP1,10.0,59990
542470145,Assel Decor 3D-картина Павлин 50x70 см,assel-decor,50x70,30426959_PP1,8.0,24990
117940030,Assel Luxe 3D-картина Кааба камень 80x160 см,assel-luxe1,80x160,30426959_PP1,10.0,59990
214836434,Assel Luxe 3D-картина Мандала 80x80 см,assel-luxe1,80x80,30426959_PP1,10.0,39990
295618633,Assel Luxe модульная картина Модуль абстракционные кольца 200x70 см,assel-luxe1,200x70,30426959_PP1,10.0,84990
103776728,Assel Luxe 3D-картина Рыбы пейзаж 80x160 см,assel-luxe1,80x160,30426959_PP1,10.0,59990
131209023_942821266,Assel Luxe 3D-картина Месси и Роналдо 70x100 см,assel-luxe1,70x100,30426959_PP1,10.0,39990
199092017,Assel Luxe 3D-картина ИньЯнь в синем фоне 80x160 см,assel-luxe1,80x160,30426959_PP1,10.0,59990
129529442_585998690,Assel Luxe 3D-картина Картина Семейное идиллия 70x100 см,assel-luxe1,70x100,30426959_PP1,10.0,39990
231326217,Assel Luxe 3D-картина Золотые круги 70x50 см,assel-luxe1,70x50,30426959_PP1,10.0,79990
864903269,Assel Luxe 3D-картина 864903269 80x160 см,assel-luxe1,80x160,30426959_PP1,10.0,59990
929032899,Assel Luxe 3D-картина Вид у окна 160x80 см,assel-luxe1,160x80,30426959_PP1,10.0,59990
668938668,Assel Luxe 3D-картина Лебедь романтика 70x100 см,assel-luxe1,70x100,30426959_PP1,10.0,39990
136967749_248553135,Assel Luxe 3D-картина Assel Luxe Картина Две Королевские лошади 160x80 см,assel-luxe1,160x80,30426959_PP1,10.0,59990
166394906,Assel Luxe модульная картина Скандинавия модуль 50x70 см,assel-luxe1,50x70,30426959_PP1,10.0,74990
076056739,Assel Luxe 3D-картина Конь с иммуницей в золоте 80x160 см,assel-luxe1,80x160,30426959_PP1,10.0,59990
438282260,Assel Luxe 3D-картина Кольца абстракция 50x70 см,assel-luxe1,50x70,30426959_PP1,10.0,24990
885702930,Assel Luxe 3D-картина Конь 80x160 см,assel-luxe1,80x160,30426959_PP1,10.0,59990
403201947,Assel Decor 3D-картина Қос тұлпар 80x168 см,assel-decor,80x168,30426959_PP1,10.0,59990
140274885_891065060,Assel Luxe 3D-картина Закат морской 160x80 см,assel-luxe1,160x80,30426959_PP1,9.0,59990
150256032,Assel Luxe 3D-картина Черное белое лошадки 160x80 см,assel-luxe1,160x80,30426959_PP1,10.0,59990
990204383,Assel Luxe 3D-картина Золотые листья с часами и с подсветкой 80x200 см,assel-luxe1,80x200,30426959_PP1,10.0,129990
588304450,Assel Luxe 3D-картина Абстракция 50x70 см,assel-luxe1,50x70,30426959_PP1,10.0,24990
255343285,Assel Luxe 3D-картина Горы 80x160 см,assel-luxe1,80x160,30426959_PP1,10.0,59990
590778318,Assel Luxe модульная картина Грация движение 150x70 см,assel-luxe1,150x70,30426959_PP1,10.0,79990
776845277,Assel Luxe 3D-картина Водопад 100x70 см,assel-luxe1,100x70,30426959_PP1,10.0,39990
075837397,Assel Luxe 3D-картина Картина Дерева золотая 80x160 см,assel-luxe1,80x160,30426959_PP1,10.0,59990
886900891,Assel Decor 3D-картина Гордость скакуна 80x160 см,assel-decor,80x160,30426959_PP1,10.0,59990
013697840,Assel Luxe 3D-картина Красная симфония 80x160 см,assel-luxe1,80x160,30426959_PP1,10.0,59990
263667381,Assel Luxe модульная картина Эстетика мгновения 200x70 см,assel-luxe1,200x70,30426959_PP1,10.0,84990
329296415,Assel Luxe 3D-картина Озеро пейзаж 100x70 см,assel-luxe1,100x70,30426959_PP1,10.0,39990
136967760_117429635,Assel Luxe 3D-картина Assel Luxe Картина закат природа 160x80 см,assel-luxe1,160x80,30426959_PP1,10.0,59990
029328627,Assel Luxe 3D-картина Assel Luxe Картина Лошадь в синем фоне 80x160 см,assel-luxe1,80x160,30426959_PP1,10.0,59990
482390886,Assel Luxe 3D-картина Рождество 80x160 см,assel-luxe1,80x160,30426959_PP1,10.0,59990
860631232,Assel Luxe 3D-картина Assel Luxe Картина Природа Закат 160x80 см,assel-luxe1,160x80,30426959_PP1,10.0,59990
132763612_410666881,Assel Luxe 3D-картина Assel Luxe Картина Леопард 70x100 см,assel-luxe1,70x100,30426959_PP1,10.0,39990
152400616_876639271,Assel Luxe 3D-картина Зима ночь Олени 160x80 см,assel-luxe1,160x80,30426959_PP1,10.0,59990
130671277_176065222,Assel Luxe модульная картина Романтичные дамы 70x100 см,assel-luxe1,70x100,30426959_PP1,10.0,74990
555144899,Assel Luxe 3D-картина Рыбки с часами и с подсветкой 80x200 см,assel-luxe1,80x200,30426959_PP1,10.0,129990
900344396,Assel Luxe 3D-картина Закат и озеро 80x160 см,assel-luxe1,80x160,30426959_PP1,10.0,59990
147035665,Assel Luxe 3D-картина Огненная птица с подсветкой 80x160 см,assel-luxe1,80x160,30426959_PP1,10.0,84990
849842715,Assel Luxe модульная картина Приборы для кухни 50x70 см,assel-luxe1,50x70,30426959_PP1,10.0,74990
543712992,Assel Luxe 3D-картина Флора 80x160 см,assel-luxe1,80x160,30426959_PP1,10.0,59990
127768006,Assel Luxe 3D-картина Черный Шаман 80x160 см,assel-luxe1,80x160,30426959_PP1,10.0,59990
736282481,Assel Luxe 3D-картина Алтын Гинкго 70x100 см,assel-luxe1,70x100,30426959_PP1,10.0,39990
049432603,Assel Decor 3D-картина Цветы 80x160 см,assel-decor,80x160,30426959_PP1,10.0,59990
664272436,Assel Luxe 3D-картина Цветы Мак 80x160 см,assel-luxe1,80x160,30426959_PP1,10.0,59990
015584302,Assel Luxe 3D-картина Конь 70x50 см,assel-luxe1,70x50,30426959_PP1,10.0,24990
358853360,Assel Luxe 3D-картина Табиғат корынысы 160x80 см,assel-luxe1,160x80,30426959_PP1,10.0,59990
129529437_894159243,Assel Luxe 3D-картина Портрет Женщины 70x100 см,assel-luxe1,70x100,30426959_PP1,10.0,39990
764387241,Assel Luxe 3D-картина Рука с драгоценностями 50x70 см,assel-luxe1,50x70,30426959_PP1,10.0,74990
938970346,Assel Luxe панно Гармония природы 80x160 см,assel-luxe1,80x160,30426959_PP1,10.0,84990
911500385,Assel Luxe 3D-картина Камни дзен и бамбук с часами 80x200 см,assel-luxe1,80x200,30426959_PP1,10.0,99990
680836030,Assel Luxe модульная картина Assel Luxe Картина Традиционной культуры 200x70 см,assel-luxe1,200x70,30426959_PP1,10.0,84990
108085098,Assel Luxe 3D-картина Assel Luxe Картина красная Лошадь 80x160 см,assel-luxe1,80x160,30426959_PP1,10.0,59990
080835260,Assel Luxe 3D-картина Рыбы снизу с Оленями 80x160 см,assel-luxe1,80x160,30426959_PP1,10.0,84990
129280918_200969593,Assel Luxe 3D-картина Девушка в синем платье 70x100 см,assel-luxe1,70x100,30426959_PP1,10.0,39990
293576413,Assel Decor 3D-картина Красные пионы 80x160 см,assel-decor,80x160,30426959_PP1,10.0,59990
462939015,Assel Luxe 3D-картина дерево золотыми монетами 80x160 см,assel-luxe1,80x160,30426959_PP1,10.0,84990
255968629,Assel Luxe 3D-картина Листья 80x160 см,assel-luxe1,80x160,30426959_PP1,10.0,59990
923548180,Assel Luxe 3D-картина Природа 100x70 см,assel-luxe1,100x70,30426959_PP1,10.0,39990
243986022,Assel Luxe 3D-картина Олень 80x160 см,assel-luxe1,80x160,30426959_PP1,10.0,84990
130670895_580620338,Assel Luxe 3D-картина Дама в красном шляпе 70x100 см,assel-luxe1,70x100,30426959_PP1,10.0,39990
352907458,,assel-luxe1,,30426959_PP1,10.0,99990
133206536_726826169,Assel Luxe 3D-картина Assel Luxe Картина Море 80x160 см,assel-luxe1,80x160,30426959_PP1,10.0,59990
386419442,Assel Luxe 3D-картина пейзаж Камни с подсветкой 80x160 см,assel-luxe1,80x160,30426959_PP1,10.0,84990
129279294_576246843,Assel Luxe 3D-картина Африканская женщина в блеске 160x80 см,assel-luxe1,160x80,30426959_PP1,10.0,59990
382696973,Assel Luxe 3D-картина Искусство равновесия 80x160 см,assel-luxe1,80x160,30426959_PP1,10.0,59990
929674456,Assel Luxe 3D-картина Природа и рыбки абстракция с подсветкой 80x200 см,assel-luxe1,80x200,30426959_PP1,10.0,129990
273169829,Assel Luxe 3D-картина Золотые рыбки пейзаж 80x160 см,assel-luxe1,80x160,30426959_PP1,10.0,59990
152400607_555432164,Assel Luxe 3D-картина Кухонный наборы 160x80 см,assel-luxe1,160x80,30426959_PP1,10.0,59990
972376260,Assel Luxe 3D-картина Водопад в горах 80x160 см,assel-luxe1,80x160,30426959_PP1,10.0,59990
165163244,Assel Decor 3D-картина Assel Decor 160x80 см,assel-decor,160x80,30426959_PP1,10.0,59990
470065680,Assel Luxe 3D-картина Лошадь с крыльями 80x160 см,assel-luxe1,80x160,30426959_PP1,10.0,59990
323873623,Assel Decor 3D-картина Қызыл Орман 80x160 см,assel-decor,80x160,30426959_PP1,10.0,59990
380250657,Assel Decor 3D-картина Табиғат көрінісі 80x160 см,assel-decor,80x160,30426959_PP1,10.0,59990
130671008_725990602,Assel Luxe 3D-картина Черная Лошадь в тумане 160x80 см,assel-luxe1,160x80,30426959_PP1,10.0,59990
643169383,Assel Luxe модульная картина Кольца 50x70 см,assel-luxe1,50x70,30426959_PP1,10.0,74990
011228988,Assel Decor 3D-картина Три львят 50x70 см,assel-decor,50x70,30426959_PP1,10.0,24990
112105195,Assel Luxe 3D-картина Природа с рыбками 80x160 см,assel-luxe1,80x160,30426959_PP1,10.0,59990
414759143,Assel Luxe модульная картина Золотое равновесие 200x70 см,assel-luxe1,200x70,30426959_PP1,10.0,84990
264493637,Assel Decor 3D-картина Слон в озере 80x160 см,assel-decor,80x160,30426959_PP1,10.0,59990
584934746,Assel Luxe модульная картина Африканские девушки 50x70 см,assel-luxe1,50x70,30426959_PP1,10.0,74990
140239184_563657983,Assel Luxe 3D-картина Assel Luxe Картина Три Коня 160x80 см,assel-luxe1,160x80,30426959_PP1,10.0,59990
159401329,Assel Decor 3D-картина Қос аққу 80x160 см,assel-decor,80x160,30426959_PP1,10.0,59990
739813327,Assel Luxe 3D-картина Табун лошадей 80x160 см,assel-luxe1,80x160,30426959_PP1,10.0,84990
308310385,Assel Decor 3D-картина Черный скакун 80x160 см,assel-decor,80x160,30426959_PP1,10.0,59990
342320024,Assel Luxe 3D-картина Assel Luxe Картина для прихожки 80x160 см,assel-luxe1,80x160,30426959_PP1,10.0,59990
931572986,Assel Luxe 3D-картина Кеме 80x160 см,assel-luxe1,80x160,30426959_PP1,10.0,59990
433539904,Assel Luxe 3D-картина Бақыт құсы 80x160 см,assel-luxe1,80x160,30426959_PP1,10.0,59990
224747730,Assel Luxe модульная картина Цветы с Жар птицами модуль 50x70 см,assel-luxe1,50x70,30426959_PP1,10.0,74990
018592277,Assel Luxe 3D-картина Птица Рая 80x160 см,assel-luxe1,80x160,30426959_PP1,10.0,59990
136967736_836521503,Assel Luxe 3D-картина Assel Luxe Картина Царь зверей семейства 70x100 см,assel-luxe1,70x100,30426959_PP1,10.0,39990
129529432_319589918,Assel Luxe 3D-картина Картина Мика тедди и цветы 70x100 см,assel-luxe1,70x100,30426959_PP1,10.0,39990
957784074,Assel Luxe модульная картина Assel Luxe Картина абстракция модульная 50x70 см,assel-luxe1,50x70,30426959_PP1,10.0,74990
527543356,Assel Luxe модульная картина Камни 200x70 см,assel-luxe1,200x70,30426959_PP1,10.0,84990
014785381,Assel Luxe 3D-картина Home Design Картина Дорога с подсветкой 80x160 см,assel-luxe1,80x160,30426959_PP1,10.0,84990
850764015,Assel Luxe 3D-картина дерево в золоте 80x160 см,assel-luxe1,80x160,30426959_PP1,10.0,84990
596679193,Assel Decor 3D-картина пара влюблённых дятлов 80x160 см,assel-decor,80x160,30426959_PP1,10.0,59990
767068985,Assel Decor 3D-картина Цветы и камни 80x160 см,assel-decor,80x160,30426959_PP1,10.0,59990
644140363,Assel Luxe 3D-картина Зима 80x160 см,assel-luxe1,80x160,30426959_PP1,10.0,59990
136967731_000456385,Assel Luxe 3D-картина Assel Luxe Картина согнутая голова Лошади 70x100 см,assel-luxe1,70x100,30426959_PP1,10.0,39990
181390512,3D-картина Олени 80x160 см,assel-luxe1,80x160,30426959_PP1,10.0,59990
788310420,Assel Luxe 3D-картина Колечки светящиеся 80x160 см,assel-luxe1,80x160,30426959_PP1,10.0,59990
263374698,Assel Luxe 3D-картина Красный лес 80x160 см,assel-luxe1,80x160,30426959_PP1,10.0,59990
359368997,Assel Luxe 3D-картина Тень лошади 80x160 см,assel-luxe1,80x160,30426959_PP1,10.0,84990
140246822_174545571,Assel Luxe 3D-картина Лошади 160x80 см,assel-luxe1,160x80,30426959_PP1,10.0,59990
377759714,Assel Luxe 3D-картина Лунный скакун с подсветкой 80x160 см,assel-luxe1,80x160,30426959_PP1,10.0,84990
383637699,Assel Luxe 3D-картина Дыхание весны 80x160 см,assel-luxe1,80x160,30426959_PP1,10.0,59990
028290927,Assel Luxe модульная картина 028290927 90x90 см,assel-luxe1,90x90,30426959_PP1,10.0,59990
821258250,Assel Luxe модульная картина Абстракция Лось 50x70 см,assel-luxe1,50x70,30426959_PP1,10.0,74990
988019790,Assel Luxe 3D-картина Assel Luxe Картины Золотая Лошадь 160x80 см,assel-luxe1,160x80,30426959_PP1,10.0,59990
698981952,Assel Luxe 3D-картина Sherhan Kalmurza 50x70 см,assel-luxe1,50x70,30426959_PP1,10.0,24990
185921955,Assel Luxe 3D-картина Assel Luxe Картина Океан пейзаж 80x160 см,assel-luxe1,80x160,30426959_PP1,10.0,59990
119598883,Assel Luxe 3D-картина с горами и с рыбками абстракция 80x160 см,assel-luxe1,80x160,30426959_PP1,10.0,84990
001982193,Assel Luxe 3D-картина Үштік үндестік 70x70 см,assel-luxe1,70x70,30426959_PP1,10.0,59990
215161912,Assel Luxe 3D-картина Птица 80x160 см,assel-luxe1,80x160,30426959_PP1,10.0,59990
326313088,Assel Luxe модульная картина Кольца 50x70 см,assel-luxe1,50x70,30426959_PP1,10.0,74990
799091380,Assel Luxe 3D-картина Орел летящий 160x80 см,assel-luxe1,160x80,30426959_PP1,10.0,59990
806420367,Assel Luxe 3D-картина Портал 80x80 см,assel-luxe1,80x80,30426959_PP1,10.0,39990
947020462,Assel Luxe 3D-картина Home Design Картина Лошадь с крыльями 80x80 см,assel-luxe1,80x80,30426959_PP1,10.0,39990
608700673,Assel Luxe 3D-картина Лось и дерево 80x160 см,assel-luxe1,80x160,30426959_PP1,10.0,59990
857428633,Assel Luxe 3D-картина Лось с подсветкой в природе 80x160 см,assel-luxe1,80x160,30426959_PP1,10.0,84990
021185110,Assel Decor 3D-картина Черный скакун 80x160 см,assel-decor,80x160,30426959_PP1,10.0,59990
900062453,Assel Luxe модульная картина Тау 200x70 см,assel-luxe1,200x70,30426959_PP1,10.0,84990
132417604_544770676,Assel Luxe 3D-картина Золотое дерево 160x80 см,assel-luxe1,160x80,30426959_PP1,10.0,59990
581482070,Assel Luxe 3D-картина Абстракция с подсветкой 80x160 см,assel-luxe1,80x160,30426959_PP1,10.0,84990
236143409,Assel Luxe 3D-картина Жар птица 80x160 см,assel-luxe1,80x160,30426959_PP1,10.0,59990
044354502,Assel Luxe модульная картина Картина с павлином модуль 200x70 см,assel-luxe1,200x70,30426959_PP1,10.0,84990
012370474,Assel Luxe модульная картина Скандинавия темное модуль 200x70 см,assel-luxe1,200x70,30426959_PP1,10.0,74990
808154110,Assel Luxe 3D-картина Горы с подсветкой 80x160 см,assel-luxe1,80x160,30426959_PP1,10.0,84990
140247096_223631205,Assel Luxe 3D-картина цветы в золотом фоне 160x80 см,assel-luxe1,160x80,30426959_PP1,10.0,59990
386247078,Assel Luxe модульная картина Животные 50x70 см,assel-luxe1,50x70,30426959_PP1,10.0,74990
786349449,Assel Luxe модульная картина Листья модуль для кухни 200x70 см,assel-luxe1,200x70,30426959_PP1,10.0,84990
130365625_158157989,Assel Luxe 3D-картина Женщина с закрытым лицом 70x100 см,assel-luxe1,70x100,30426959_PP1,10.0,39990
323690693,Assel Luxe 3D-картина Assel Luxe Картина Гормония с животными 80x160 см,assel-luxe1,80x160,30426959_PP1,10.0,59990
130572744_387082994,Assel Luxe 3D-картина Табун лошадей под голубым небом 160x80 см,assel-luxe1,160x80,30426959_PP1,10.0,59990
973249334,Assel Luxe 3D-картина Приборы 160x80 см,assel-luxe1,160x80,30426959_PP1,10.0,59990
993909183,Assel Luxe 3D-картина Цветы абстракция 80x160 см,assel-luxe1,80x160,30426959_PP1,10.0,59990
643891135,Assel Decor картина Золотой дерево 50x70 см,assel-decor,50x70,30426959_PP1,10.0,39990
956961458,"Assel Luxe 3D-картина Assel Luxe Картина знаменитости, актеры 160x80 см",assel-luxe1,160x80,30426959_PP1,10.0,59990
960526608,Assel Luxe 3D-картина Картина серый слон 80x160 см,assel-luxe1,80x160,30426959_PP1,10.0,59990
188942406,Assel Decor 3D-картина Олень при лунном свете 80x160 см,assel-decor,80x160,30426959_PP1,9.0,59990
188885179,Assel Luxe 3D-картина Украшения 80x160 см,assel-luxe1,80x160,30426959_PP1,10.0,59990
715408404,Assel Luxe 3D-картина Стая карпов 80x160 см,assel-luxe1,80x160,30426959_PP1,10.0,59990
281668060,Assel Luxe 3D-картина Луна Пейзаж 80x160 см,assel-luxe1,80x160,30426959_PP1,10.0,84990
496745254,Assel Luxe 3D-картина Птички на цветочках 80x160 см,assel-luxe1,80x160,30426959_PP1,10.0,59990
646676810,Assel Luxe 3D-картина Лошади на море 160x80 см,assel-luxe1,160x80,30426959_PP1,10.0,59990
150885703_367333293,Assel Luxe 3D-картина Игра в шахматы 160x80 см,assel-luxe1,160x80,30426959_PP1,10.0,59990
560948312,Assel Luxe 3D-картина Табиғат үйлесімі 80x160 см,assel-luxe1,80x160,30426959_PP1,10.0,59990
418499446,Assel Luxe модульная картина 418499446 200x70 см,assel-luxe1,200x70,30426959_PP1,10.0,84990
057390213,Assel Luxe 3D-картина Лебеди 70x100 см,assel-luxe1,70x100,30426959_PP1,10.0,39990
308389323,Assel Luxe 3D-картина Мекке 100x70 см,assel-luxe1,100x70,30426959_PP1,10.0,39990
090019434,Assel Luxe 3D-картина Листья 80x160 см,assel-luxe1,80x160,30426959_PP1,10.0,59990
398930247,Assel Luxe модульная картина пейзаж 200x70 см,assel-luxe1,200x70,30426959_PP1,10.0,84990
131208704_585041723,Assel Luxe 3D-картина Тюльпаны для кухни 70x100 см,assel-luxe1,70x100,30426959_PP1,10.0,39990
204106199,Assel Luxe 3D-картина Геометрия света 70x100 см,assel-luxe1,70x100,30426959_PP1,10.0,79990
566787736,Assel Luxe 3D-картина Кольца 80x160 см,assel-luxe1,80x160,30426959_PP1,10.0,59990
129279341_504931147,Assel Luxe 3D-картина Женщина в Золоте 160x80 см,assel-luxe1,160x80,30426959_PP1,10.0,59990
108812257_294718871,Assel Luxe картина Девушка 70x100 см,assel-luxe1,70x100,30426959_PP1,10.0,39990
710696711,Assel Luxe модульная картина Листья 50x70 см,assel-luxe1,50x70,30426959_PP1,10.0,74990
142745052,Assel Luxe модульная картина Геометрические кольца 50x70 см,assel-luxe1,50x70,30426959_PP1,10.0,74990
904717398,Assel Luxe 3D-картина Assel Luxe Картина животное Конь 80x160 см,assel-luxe1,80x160,30426959_PP1,10.0,59990
607381108,Assel Luxe 3D-картина Assel Luxe Картина абстракция мрамор синий 80x160 см,assel-luxe1,80x160,30426959_PP1,10.0,59990
140247031_016945797,Assel Luxe 3D-картина Бегущая белая лошадка 160x80 см,assel-luxe1,160x80,30426959_PP1,10.0,59990
471388044,Assel Luxe 3D-картина Черная Лошадь для прихожей 70x100 см,assel-luxe1,70x100,30426959_PP1,10.0,39990
402549136,Assel Luxe 3D-картина Олень животные с подсветкой 80x160 см,assel-luxe1,80x160,30426959_PP1,10.0,84990
130377576_813551887,Assel Luxe 3D-картина Цветы 160x80 см,assel-luxe1,160x80,30426959_PP1,10.0,59990
320583193,Assel Luxe модульная картина Игривая девушка с жвачкой 80x100 см,assel-luxe1,80x100,30426959_PP1,10.0,59990
370278078,Assel Luxe 3D-картина Белая лошадь животное 80x80 см,assel-luxe1,80x80,30426959_PP1,10.0,39990
132559777_364991276,Assel Luxe 3D-картина Лошадь 70x100 см,assel-luxe1,70x100,30426959_PP1,10.0,39990
472151464,Assel Luxe 3D-картина Горы воздушный шар 50x160 см,assel-luxe1,50x160,30426959_PP1,10.0,59990
156263972,Assel Luxe 3D-картина Панда 80x160 см,assel-luxe1,80x160,30426959_PP1,10.0,84990
943493702,Assel Luxe 3D-картина Белый павлин 80x160 см,assel-luxe1,80x160,30426959_PP1,10.0,84990
128725605,Assel Luxe 3D-картина Жар птица 80x160 см,assel-luxe1,80x160,30426959_PP1,10.0,84990
099497759,Assel Luxe 3D-картина Home Design Картина пейзаж с подсветкой 80x160 см,assel-luxe1,80x160,30426959_PP1,10.0,84990
635956832,Assel Luxe 3D-картина Энергия природы 80x160 см,assel-luxe1,80x160,30426959_PP1,10.0,59990
459045323,Assel Luxe модульная картина растения листья 50x70 см,assel-luxe1,50x70,30426959_PP1,10.0,74990
133014128_329921369,Assel Luxe 3D-картина Вулканические горы 160x80 см,assel-luxe1,160x80,30426959_PP1,10.0,59990
601751723,Assel Luxe 3D-картина Природа 80x160 см,assel-luxe1,80x160,30426959_PP1,10.0,59990
344687208,Assel Luxe 3D-картина Зимушка зима 80x160 см,assel-luxe1,80x160,30426959_PP1,10.0,59990
089302894,Assel Luxe 3D-картина Мекках Мадина 100x70 см,assel-luxe1,100x70,30426959_PP1,10.0,39990
548184390,Assel Luxe 3D-картина Assel Luxe Картина Арабская Лошадь 50x70 см,assel-luxe1,50x70,30426959_PP1,10.0,24990
744743339,Assel Luxe модульная картина Скандинавия 200x70 см,assel-luxe1,200x70,30426959_PP1,10.0,84990
136485407,Assel Luxe 3D-картина Две рыбки 80x160 см,assel-luxe1,80x160,30426959_PP1,10.0,59990
536629292,Assel Luxe 3D-картина Картина Лошадка 80x160 см,assel-luxe1,80x160,30426959_PP1,10.0,59990
966274073,Assel Luxe модульная картина Дерево 80x60 см,assel-luxe1,80x60,30426959_PP1,10.0,84990
916312768,Assel Decor 3D-картина Любовь слона 80x160 см,assel-decor,80x160,30426959_PP1,10.0,59990
707149387,Assel Luxe 3D-картина пейзаж степь 160x80 см,assel-luxe1,160x80,30426959_PP1,10.0,59990
253653772,Assel Luxe 3D-картина Дерево 80x160 см,assel-luxe1,80x160,30426959_PP1,10.0,59990
559725941,Assel Luxe 3D-картина Журавль у бамбука с часами 80x200 см,assel-luxe1,80x200,30426959_PP1,10.0,129990
263619974,Assel Luxe 3D-картина Дерево 80x160 см,assel-luxe1,80x160,30426959_PP1,10.0,59990
790910224,Assel Luxe модульная картина Абстракция 50x70 см,assel-luxe1,50x70,30426959_PP1,10.0,74990
869965302,Assel Luxe модульная картина Снежные горы 200x70 см,assel-luxe1,200x70,30426959_PP1,10.0,84990
053429599,Assel Luxe 3D-картина Home Design Картина лось с подсветкой 80x160 см,assel-luxe1,80x160,30426959_PP1,10.0,84990
948952386,"Assel Luxe 3D-картина Рыбы, Карпы 80x160 см",assel-luxe1,80x160,30426959_PP1,10.0,59990
140239232_476306767,Assel Luxe 3D-картина Assel Luxe Картина все животные 160x80 см,assel-luxe1,160x80,30426959_PP1,10.0,59990
608279195,Assel Luxe 3D-картина абстракция и пейзаж 80x160 см,assel-luxe1,80x160,30426959_PP1,10.0,59990
222113814,Assel Luxe модульная картина 222113814 50x70 см,assel-luxe1,50x70,30426959_PP1,10.0,74990
553438406,Assel Luxe 3D-картина Денежное дерево долларами 50x70 см,assel-luxe1,50x70,30426959_PP1,10.0,24990
015020355,Assel Luxe 3D-картина Олень с перьями 80x160 см,assel-luxe1,80x160,30426959_PP1,10.0,59990
578288128,Assel Luxe 3D-картина природа с рыбками абстракция 80x160 см,assel-luxe1,80x160,30426959_PP1,10.0,84990
040954061,Assel Luxe модульная картина Абстракция 200x70 см,assel-luxe1,200x70,30426959_PP1,10.0,84990
619784506,Assel Luxe 3D-картина Симфония розы 70x100 см,assel-luxe1,70x100,30426959_PP1,10.0,39990
182950871,Assel Luxe 3D-картина Assel Luxe Картина Лев разноцветными красками 160x80 см,assel-luxe1,160x80,30426959_PP1,10.0,59990
485496127,,assel-luxe1,,30426959_PP1,10.0,49990
819003419,,assel-luxe1,,30426959_PP1,10.0,49990
240731219,Assel Luxe модульная картина Дерево 200x70 см,assel-luxe1,200x70,30426959_PP1,10.0,84990
643139131,Assel Decor 3D-картина Сила и забота 40x40 см,assel-decor,40x40,30426959_PP1,10.0,39990
310526892,Assel Luxe картина Шығыс шайының нәзік сәні 70x100 см,assel-luxe1,70x100,30426959_PP1,10.0,29990
501335473,Assel Luxe картина «Золото и серебро» 70x100 см,assel-luxe1,70x100,30426959_PP1,10.0,29990
250073978,Assel Luxe картина Гүлдер салтанаты 70x100 см,assel-luxe1,70x100,30426959_PP1,10.0,29990
